Unnamed: 0,feature_0,feature_1,feature_2,feature_3,feature_4,feature_5,feature_6,feature_7,target
257,-0.0583557459739341,-0.8568863049559561,1.0499874566174798,-1.0347225838446723,0.6191828599058162,1.0381561058106985,0.048930469408322,-0.5014652672050679,0.1767562520805105
481,-0.6745937246937566,2.808584723418217,-0.8471320246658391,0.1936567010392244,-1.0389441197397813,0.0525169120231659,-1.0516916101629423,-0.2797331087021524,0.1195255404791204
7,0.8983113538159035,0.2308112036220175,-0.8471320246658391,-2.5751158289622365,2.8802651048770853,-1.554615402651285,2.7331006430566087,0.7180616045609673,1.5980268821814057
720,-0.4180273454846335,1.8971452332878471,-0.8471320246658391,2.175366989009814,-1.0389441197397813,-0.526513945946012,-2.240912519268854,-0.2797331087021524,-0.3436468202948987
317,-0.2964455165310568,1.0773135290611655,-0.8471320246658391,1.0275678860481254,-1.0389441197397813,0.0602373234627552,-0.9917938099141652,-0.2797331087021524,0.0686537968334407
74,-0.080087301227841,1.25241195528214,-0.8471320246658391,0.1936567010392244,-1.0389441197397813,0.5080211869589188,-0.7397239005338994,-0.6123313464565258,-0.9613751359924404
914,0.9940450774013972,-0.8568863049559561,-0.8471320246658391,0.2077113839326334,-1.0389441197397813,-0.0890239643692998,-0.1320108021765229,-0.675683391743073,-1.264747457879462
157,0.0491532256125753,1.4727344783416445,-0.8471320246658391,-1.727149961059928,0.8369167057178641,0.4076558382442619,0.3758726290995597,-0.6123313464565258,0.1305092124026194
513,0.2186019163588989,0.0244037872820609,-0.8471320246658391,2.175366989009814,-1.0389441197397813,-0.526513945946012,-1.292530681996563,5.057676706689456,1.1643783012017543
883,0.1324415651319547,-0.8568863049559561,-0.8471320246658391,0.1608624409546053,-1.0389441197397813,1.2363133327601517,-0.0571385518655525,-0.2797331087021524,-0.6371090622509434
841,-0.5089743828908525,3.11007870234175,-0.8471320246658391,0.1936567010392244,-1.0389441197397813,-0.220270958842314,-1.238872235940368,-0.6123313464565258,-0.8325028048900323
877,0.2760421505101951,-0.8568863049559561,-0.8471320246658391,0.4888050418008021,-1.0389441197397813,-0.0375545547720395,0.9536368273325468,0.7022235932393305,-0.0681053062140363
885,0.4770829700397317,-0.8568863049559561,-0.8471320246658391,0.4888050418008021,-1.0389441197397813,0.6701498271902889,0.5917542841628569,1.177363932888435,0.2135061318245485
41,0.8887379814573543,1.3370621878260545,-0.8471320246658391,-0.5371868094180138,0.6526803746461312,-0.6024313251019705,-0.2106266650030412,0.1637312083036785,1.651706481807529
824,0.5555846233798364,-0.8568863049559561,-0.8471320246658391,0.1936567010392244,-1.0389441197397813,1.238886803240015,-0.2405755651274304,-0.6123313464565258,-0.8766852445823029
218,0.3602878272654295,1.607247176630605,-0.8471320246658391,-1.211811588301619,1.3561281841927486,-1.554615402651285,1.332989562241463,-0.675683391743073,-0.6358703022595713
829,-0.2792134462856678,-0.8568863049559561,-0.8471320246658391,0.2077113839326334,-1.0389441197397813,1.7767421335313842,0.1300420739118732,-0.6123313464565258,-1.4584069365306298
347,0.9653249603257492,-0.8568863049559561,-0.8471320246658391,0.2077113839326334,-1.0389441197397813,0.9532315799752202,-0.4314998034204042,-0.6123313464565258,-0.7077183817591518
62,-0.6571701870011966,-0.8568863049559561,0.7219976196391196,-1.0422184147211568,0.4198726472009415,0.4488313659220692,1.622370809693364,0.1637312083036785,0.4030364105044763
882,-0.4180273454846335,1.8971452332878471,-0.8471320246658391,2.175366989009814,-1.0389441197397813,-0.526513945946012,-2.240912519268854,3.5530656311339586,0.1551192442312119
73,-0.1930530950587236,0.3027059216730137,0.3722772834519926,0.910445528603055,0.4684440435743982,-1.4014939090994365,-0.1569682189468463,-0.2797331087021524,-0.2047818252620889
884,0.9413915294293758,0.896417141707046,-0.8471320246658391,-1.2961396856620686,1.6241083021152691,2.0765514444354247,-2.103646727032075,-0.6123313464565258,0.6755636086063332
10,-0.2762457008545175,-0.8568863049559561,0.6966714263166722,-1.654534099443984,1.3343547996115437,0.1909696238397958,1.4404312414377056,-0.2797331087021524,0.8853269671453382
788,0.3909226188127874,-0.8568863049559561,-0.8471320246658391,1.0041434145591113,-1.0389441197397813,0.0139148548252207,0.3297014080744608,-0.2797331087021524,-0.6371090622509434
650,-1.2748441715748011,-0.8568863049559561,1.9981563609424349,-0.0265333309575071,1.4733694857838513,-1.7231777190823128,1.3779129124280454,-0.2797331087021524,-1.215609978221703
868,-1.159963703272209,2.042094261616468,-0.8471320246658391,-0.6355695896718726,0.9709067646791248,0.9789662847738504,-1.067913931063652,-0.2797331087021524,0.2176353317957889
364,-0.3287077813793679,-0.8568863049559561,1.1083002350697813,-1.7927384812291665,0.969231888942109,1.4653522054679593,0.3408074585372545,0.8606037064556987,1.832978360544976
604,-1.1016618656086434,-0.8568863049559561,1.7053417924674736,-0.2392275320777543,-0.2869249138197072,1.1024928678072738,0.0812503241258913,0.1637312083036785,-0.4306490636889306
649,0.7164172790034657,-0.8568863049559561,1.3728182542153418,0.5356539847788302,0.8034191909775492,-2.212137110256285,0.0551698236009029,-0.2797331087021524,0.302283931206214
413,-0.7770288089302346,1.4622981483019837,-0.8471320246658391,0.3951071558447458,-1.0389441197397813,2.2142321151080964,-1.4173177658481804,-0.2797331087021524,0.8043946477090288
433,0.0654279586221091,1.369530770171666,-0.8471320246658391,0.4888050418008021,-1.0389441197397813,-0.526513945946012,-0.6960484211858333,-0.6123313464565258,-0.7362924455601343
95,-0.2983601910027665,-0.8568863049559561,0.6488330611520495,0.4813092109243177,-0.1462353519103838,-0.3090556903975877,1.0434835277057115,0.1637312083036785,0.2291970917152616
597,-1.1120968414794623,-0.8568863049559561,1.4978858755607605,0.0203156120205209,0.9709067646791248,0.6444151223916588,-0.5562868872720215,-0.2797331087021524,-1.0653070992685576
319,1.0706320562697922,-0.8568863049559561,-0.8471320246658391,0.4888050418008021,-1.0389441197397813,-0.4158547153119021,0.1500080073281322,0.7022235932393305,0.780280119876986
336,-1.2892042301126254,0.4720063867608432,0.5489352986023964,0.9526095772832808,0.4349465288340832,-1.4529633186966964,0.6978233054367315,-0.2797331087021524,-0.9480378200853344
697,-1.2700574853955269,0.7595852589648279,0.8506609350982188,0.5215993018854213,-0.0172699201601707,-1.0360611009588887,0.0801272403712263,-0.2797331087021524,-0.7259281536323212
517,1.013191822118496,-0.6249678596301621,0.6224125261428299,-1.150907962430182,1.294157781923165,-0.4493098315501215,0.8912432854067383,-0.675683391743073,-0.6172889023889903
262,-0.245706643030745,1.1178992569931796,-0.8471320246658391,0.1936567010392244,-1.0389441197397813,0.6907375910291919,-0.6149368166822822,-0.6123313464565258,-1.112834190937533
561,-0.8279591498777171,-0.8568863049559561,0.724342637539346,-0.5339073834095521,0.2138629315480035,0.3227313124087822,1.6000339216839234,0.8606037064556987,0.5066793297826067
431,0.27508481327434,0.7990113946702129,0.89130791203548,-0.6449393782674777,2.6625312590650374,-0.7594130243736149,-1.5271303996376029,-0.2797331087021524,0.143598776311451
902,-0.2983601910027665,-0.8568863049559561,0.6488330611520495,0.4813092109243177,-0.1462353519103838,-0.3090556903975877,1.0434835277057115,-0.5014652672050679,-0.6684909820323692
183,-1.3131376610089989,0.7201591232594428,0.8100139581609579,-0.1670801598915914,0.1334688961712472,-0.4107077743521763,0.005254990060256,-0.2797331087021524,-0.5793002626535799
28,-1.0895994164368712,0.6494239974350757,1.163642657515129,-0.2860764750557825,0.2657840793954918,0.4295303373230966,-0.3366616196931749,-0.2797331087021524,0.3225170110652915
898,-1.6549070542092108,1.0262914710894908,-0.8471320246658391,1.0275678860481254,-1.0389441197397813,-0.4467363610702579,0.9411581189473852,-0.6123313464565258,-1.6825399109695507
195,-1.1120968414794623,-0.8566543865106303,1.39736277490438,-0.8318666607498103,-1.0389441197397813,0.4205231906435769,1.5888030841372782,0.8606037064556987,0.1280316924198756
486,-0.2600667015685691,-0.8568863049559561,-0.8471320246658391,0.7698986996689707,-1.0389441197397813,-0.0632892595706696,1.1158600363396494,2.1276446121866446,-0.4905224632719144
546,0.2262606142457385,-0.8568863049559561,0.7099598610846228,0.6762008137129145,0.6024341025356588,-0.1739484902047795,-0.8532801468388699,-0.2797331087021524,-0.3410454243130171
477,-0.0781726267561312,-0.8568863049559561,0.5598787154701206,0.8167476426469988,0.8034191909775492,-0.539381298345327,-0.1444895105616846,-0.2797331087021524,-0.2142789851959415
82,0.3047622675858432,0.8245224236560501,-0.8471320246658391,-0.1670801598915914,0.3009564698728227,-1.362891851901491,0.6291904093183421,-0.2797331087021524,0.5132860497365913
723,0.4340027944262595,-0.8568863049559561,1.3087210982758148,0.8167476426469988,0.7699216762372342,-2.2108503750163533,0.2361110951857478,-0.2797331087021524,0.1684565601383175
922,-0.0398791373219338,-0.8568863049559561,-0.8471320246658391,0.441956098822774,-1.0389441197397813,-0.0632892595706696,1.0285090776435173,-0.2797331087021524,-0.5900361825788046
654,1.0706320562697922,-0.8568863049559561,-0.8471320246658391,0.4888050418008021,-1.0389441197397813,-0.4158547153119021,0.1500080073281322,-0.2797331087021524,0.2268021557319423
36,-0.2983601910027665,-0.8568863049559561,0.6488330611520495,0.2742368829614327,-0.1127378371700686,-0.2066315652990392,1.0930239999948028,-0.675683391743073,-1.3176012175113372
750,1.3769799717433715,0.3757602319506387,-0.8471320246658391,-1.3148792628532802,1.7246008463362146,-1.554615402651285,1.416596908422047,0.1637312083036785,1.7057990014307765
419,1.85564858967084,-0.8568863049559561,-0.8471320246658391,-0.9166632475400412,0.5521878304251859,0.914629522777275,-1.3923603490778569,-0.2797331087021524,1.359772043840843
428,-0.412283322069504,-0.8568863049559561,-0.8471320246658391,0.1936567010392244,-1.0389441197397813,1.8771074822460407,0.1961792283532298,-0.2797331087021524,-1.0924772350793186
88,0.9461782156086505,-0.8568863049559561,-0.8471320246658391,2.175366989009814,-1.0389441197397813,-0.526513945946012,-1.292530681996563,2.1276446121866446,1.035258218101072
484,0.9078847261744528,-0.8568863049559561,-0.8471320246658391,1.5475911531042372,-1.0389441197397813,0.3935017506050151,-0.1399971755430262,0.1637312083036785,0.0289308931101093
60,1.85564858967084,0.52070926027926,-0.8471320246658391,-0.0218484366597045,0.4516952862042407,-1.554615402651285,0.0988453029489689,-0.675683391743073,0.118534532486023
803,0.7068439066449164,-0.6365637818964518,0.6693128841473619,-1.7130952781665192,1.1601677229619052,-0.0761566119699847,1.215689703420943,-0.2797331087021524,0.4918142098861418
66,0.0654279586221091,1.369530770171666,-0.8471320246658391,0.4888050418008021,-1.0389441197397813,-0.526513945946012,-0.6960484211858333,0.7022235932393305,0.880908723176111
124,-1.2269773097820549,0.8245224236560501,-0.8471320246658391,-0.1670801598915914,0.3009564698728227,0.3484660172074123,0.6042329925480187,-0.2797331087021524,-1.006672459676946
900,0.4770829700397317,-0.8568863049559561,-0.8471320246658391,0.4888050418008021,-1.0389441197397813,0.0653842644224809,0.6416691177035039,-0.675683391743073,-1.3353567773876702
495,0.3957093049920621,0.866267743814693,-0.8471320246658391,0.1983415953370283,0.3847002567236104,-0.2820342503590257,-0.799621700782675,-0.2797331087021524,0.99466818238378
492,0.0879253836647003,-0.8568863049559561,0.6564934529594566,-0.6318216742336298,0.5371139487920442,-0.151044602933999,1.1408174531099726,-0.2797331087021524,-0.0648019462370442
251,-1.0277554310006425,0.225824957047513,1.652657056975716,-0.4322451771472304,0.5907099723765484,0.4411109544824814,-0.3366616196931749,-0.2797331087021524,0.1193603724802708
526,0.3018902558782783,-0.8568863049559561,-0.8471320246658391,-0.1623952655937889,0.3009564698728227,0.3446058114876184,0.6067287342250516,-0.2797331087021524,-0.6416511822193077
215,-0.987355799647564,0.6482644052084467,1.006995461779992,-0.076193210514217,-0.4410134816251567,0.4423976897224117,-0.3341658780161434,-0.2797331087021524,0.2002926919165801
362,0.5823900659837746,-0.4162412588369475,-0.8471320246658391,2.175366989009814,-1.0389441197397813,-0.526513945946012,-1.292530681996563,3.5530656311339586,1.1526513732834318
339,1.1089255457039895,-0.8568863049559561,-0.8471320246658391,0.1936567010392244,-1.0389441197397813,0.8708805246196027,-0.4901497328306649,-0.6123313464565258,-0.6210464743628188
866,1.7982083555195436,0.5021557846531965,-0.8471320246658391,-2.050407667608321,4.35415575345095,-1.554615402651285,0.8350890976735105,0.7180616045609673,2.088988758761872
652,1.85564858967084,-0.8568863049559561,-0.8471320246658391,2.175366989009814,-1.0389441197397813,-0.526513945946012,-2.240912519268854,-0.2797331087021524,0.2079317118633744
83,0.9701116465050238,-0.8568863049559561,-0.8471320246658391,0.1936567010392244,-1.0389441197397813,0.9635254618946718,-0.4277561909048563,-0.6123313464565258,-0.7038369337861857
259,-0.2983601910027665,-0.8568863049559561,0.6488330611520495,0.4813092109243177,-0.1462353519103838,-0.3090556903975877,1.0434835277057115,-0.2797331087021524,-0.5148847431022319
425,-0.4323874040224576,-0.8568863049559561,-0.8471320246658391,0.5356539847788302,-1.0389441197397813,-0.0632892595706696,1.3903916208132072,5.057676706689456,-0.6428899422106799
485,0.1994551716418002,-0.8568863049559561,-0.8471320246658391,1.0041434145591113,-1.0389441197397813,0.0139148548252207,0.5418394506222101,2.1276446121866446,-0.5433762229037896
115,0.6589770448521696,-0.8568863049559561,-0.8471320246658391,1.0041434145591113,-1.0389441197397813,0.0139148548252207,0.0177336984454177,-0.5014652672050679,-0.7956703411465692
256,0.2760421505101951,0.8013305791234707,0.8881812215018445,-0.6355695896718726,2.64578250169488,-0.7581262891336831,-1.5296261413146357,-0.2797331087021524,-0.1275657857998962
804,0.7796015365698917,1.3347430033727967,-0.8471320246658391,-0.7808013129037594,0.9039117351984944,-0.36309857047471,-0.2218575025496879,-0.2797331087021524,2.124912798511662
634,0.2310473004250132,1.502883876233997,-0.8471320246658391,1.0275678860481254,-1.0389441197397813,-0.0967443758088891,-1.7792003090178703,-0.6123313464565258,-0.5943305505488945
731,0.3076342792934081,2.1835645132652024,-0.8471320246658391,-0.2842025173366617,0.401449014093768,0.95194484473529,-2.018791510012976,0.7180616045609673,1.8433013604730768
45,-0.6477882820898182,-0.8568863049559561,1.876840768237379,-1.2628769361476684,0.913960989620589,1.0214285476915896,0.0237234784702955,-0.675683391743073,-1.1049474189924642
216,0.1803084269247015,-0.8568863049559561,-0.8471320246658391,0.1140134979765771,-1.0389441197397813,1.313517447156042,0.2673078661486521,-0.6123313464565258,-1.2123066182447106
398,-0.7770288089302346,0.6853713564605737,-0.8471320246658391,0.4888050418008021,-1.0389441197397813,-0.0967443758088891,0.407069400062464,0.7022235932393305,0.4451542502111271
862,-0.6621483406276423,0.7816175112707783,-0.8471320246658391,1.0275678860481254,-1.0389441197397813,0.0061944433856313,-0.2942340111836253,-0.675683391743073,-1.737334394587909
766,1.9035154514635864,-0.8568863049559561,-0.8471320246658391,0.4888050418008021,-1.0389441197397813,-0.4724710658688881,-0.7659291881427378,0.7022235932393305,1.1078082615957627
717,-1.265270799216252,1.8797513498884124,-0.8471320246658391,-0.2607780458476477,1.1383943383807005,-1.6202388998877923,1.490221287894501,-0.2797331087021524,-0.171335305495043
777,2.477917792976548,-0.8568863049559561,-0.8471320246658391,-0.9166632475400412,-0.6202251854858425,0.8631601131800148,-1.2176584316855927,-0.2797331087021524,2.6451919948879343
426,-1.2097452395366657,-0.8568863049559561,1.3853250163498838,0.5497086676722391,0.4851928009445557,0.9583785209349476,-0.9593491681127444,-0.2797331087021524,-1.3989051649450577
375,-1.3227110333675485,1.1028245580470029,1.3884517068835192,0.441956098822774,0.3009564698728227,-0.0761566119699847,-1.6294558083959296,-0.2797331087021524,-0.3649947841462107
353,-1.0355098626110673,0.4882406779336488,-0.8471320246658391,0.4888050418008021,-1.0389441197397813,-0.3360771304361495,1.038492044351646,-0.6123313464565258,-1.4628251804998569
197,2.2481568563713634,-0.8568863049559561,-0.8471320246658391,-0.9166632475400412,0.3344539846131377,-2.212137110256285,0.3546588248447842,-0.2797331087021524,0.3324270909962682
565,1.013191822118496,-0.6249678596301621,0.6224125261428299,-1.150907962430182,1.294157781923165,-0.4493098315501215,0.8912432854067383,0.1637312083036785,0.7275915282439602
410,-0.8695075859138214,-0.8568863049559561,1.109863580336599,-0.9236905889867456,0.6158331084317847,1.4820797635870682,0.36202126279203,-0.675683391743073,-1.5793924956879697
38,0.4071973518223212,2.4224405119507706,-0.8471320246658391,0.1046437093809721,0.6861778893864465,-0.3888332752733401,-1.4185656366866968,-0.2797331087021524,2.3284823570938067
805,2.0088225474076293,-0.5553923260324239,1.0757826535199724,0.910445528603055,-0.3807179550925895,-1.9419227098706688,-0.9306481388268733,0.1637312083036785,1.5593893679878348
572,-1.1120968414794623,-0.8566543865106303,1.39736277490438,-0.8318666607498103,-1.0389441197397813,0.4205231906435769,1.5888030841372782,-0.5014652672050679,-1.1342647387882698
809,1.028509217892175,0.2690777471007735,-0.8471320246658391,-1.1087439137499562,0.9876555220492822,-1.554615402651285,1.8982750520892897,-0.675683391743073,-0.4624439034674807
96,0.2760421505101951,-0.8568863049559561,-0.8471320246658391,0.4888050418008021,-1.0389441197397813,0.5028742459991931,0.7040626596293125,1.177363932888435,0.1726270521092702
390,0.6494036724936202,-0.8568863049559561,-0.8471320246658391,0.4888050418008021,-1.0389441197397813,0.9532315799752202,0.4045736583854311,-0.2797331087021524,-0.1853745853972596
420,0.7451373960791138,-0.6365637818964518,1.3571848015471644,-1.2914547913642662,0.7883453093444074,-0.3978404219528613,0.3421801164596225,0.1637312083036785,1.8543322233713675
147,0.5536699489081266,-0.8568863049559561,-0.8471320246658391,0.7230497566909426,-1.0389441197397813,-0.0632892595706696,0.092605948756388,5.057676706689456,0.1841888120287429
144,-1.207830565064956,-0.8568863049559561,1.3884517068835192,0.5356539847788302,0.4684440435743982,-1.2342183279083403,1.178253578265458,-0.2797331087021524,-1.5620498558087603
65,-1.0838553930217418,-0.3689298959904856,1.714096525961653,-2.8023332024056726,-0.0809151981667694,1.1037796030472071,0.0814998982935943,-0.5014652672050679,-1.0776946991822784
427,-0.6454906727237663,-0.8568863049559561,1.884657494571468,-1.2544441264116244,0.6627296290682259,1.036869370570768,0.0345799547653863,0.1637312083036785,0.6483108887961474
25,0.4962297147568304,-0.6539576652958863,1.7011207602470657,-0.6824185326499007,1.95908344951842,0.296996607610152,-1.517147432929474,-0.2797331087021524,0.6862995285315577
479,0.0879253836647003,-0.8568863049559561,0.6564934529594566,-0.6318216742336298,0.5371139487920442,-0.151044602933999,1.1408174531099726,0.8606037064556987,0.7878778478240679
449,0.7796015365698917,1.3347430033727967,-0.8471320246658391,-0.7808013129037594,0.9039117351984944,-0.36309857047471,-0.2218575025496879,-0.675683391743073,-0.0309425064728742
807,0.7796015365698917,1.3347430033727967,-0.8471320246658391,-0.7808013129037594,0.9039117351984944,-0.36309857047471,-0.2218575025496879,-0.2797331087021524,2.124912798511662
81,0.1803084269247015,-0.8568863049559561,1.0288822955154404,1.4257839013613642,0.6359316172759737,-1.2213509755090253,-0.5687655956571832,-0.2797331087021524,-0.7176284616901283
888,-1.1685797383949037,1.3080723821603304,-0.8471320246658391,-0.2795176230388592,0.8536654630880219,0.214645552254536,0.1911877449991653,-0.2797331087021524,-0.1826493134162407
337,0.1531200494264215,-0.8568863049559561,0.9904240019517244,-0.3169967774212809,0.5555375818992174,0.6418416519117952,-0.2511824672548168,0.8606037064556987,1.2532386845828447
741,0.3018902558782783,0.821043646976163,-0.8471320246658391,-2.542321568877617,0.3009564698728227,0.3446058114876184,0.6067287342250516,-0.2797331087021524,0.5213792816802224
325,-0.0015856478877363,-0.8568863049559561,-0.8471320246658391,0.2077113839326334,-1.0389441197397813,1.6866706667361788,0.005254990060256,-0.6123313464565258,-1.2767221377960587
15,-0.6477882820898182,-0.8568863049559561,1.876840768237379,-1.0473717984487394,0.913960989620589,0.909482581817548,-0.0209502975485838,-0.675683391743073,-1.2102420182590905
265,-0.6621483406276423,-0.8568863049559561,1.103610199269328,-1.0572100764741257,0.2741584580805706,1.4473379121089198,0.3239612022172859,-0.675683391743073,-0.9761163798897684
199,-0.412283322069504,-0.8568863049559561,-0.8471320246658391,0.1936567010392244,-1.0389441197397813,1.8771074822460407,0.1961792283532298,-0.6123313464565258,-1.5260845240592578
61,-1.2384653566123136,1.208347450670239,1.3212278604103564,-0.6589940611608867,2.0260784789990507,-0.3721057171542312,-0.9855544557215844,-0.2797331087021524,0.03186262508969
112,-0.0380601965738094,0.277426811132502,-0.4647377724022216,-0.9775668734114784,0.8352418299808485,1.1423816602451522,0.1108248629987246,0.8606037064556987,1.864360280326402
396,2.3946294534571684,-0.8568863049559561,-0.8471320246658391,-1.8630118956962085,3.684205458644648,-1.554615402651285,1.4989563837641149,-0.6123313464565258,0.6635889286897364
29,1.5780207912729085,-0.5785841705650033,0.3879107361201699,-0.9166632475400412,0.9055866109355102,-0.0761566119699847,-0.7684249298197707,-0.675683391743073,-0.027226226498758
875,-0.6477882820898182,-0.8568863049559561,1.876840768237379,-1.0473717984487394,0.913960989620589,0.909482581817548,-0.0209502975485838,0.1637312083036785,0.9245543668721204
182,-1.355260499386616,1.5712998176051067,-0.8471320246658391,0.4888050418008021,-1.0389441197397813,0.9532315799752202,0.4158044959320763,-0.6123313464565258,-1.2713541778334465
153,2.286450345805561,-0.8568863049559561,-0.8471320246658391,-0.3076269888256758,-0.1680087364915886,-1.324289794703546,0.3920949500002694,-0.2797331087021524,0.9105150869699036
229,-1.2461240544991532,-0.8568863049559561,2.045056718946967,-0.6824185326499007,1.6408570594854268,1.300650094756727,-1.1927010149152693,-0.2797331087021524,-1.3390730573617864
747,1.3674065993848223,-0.6017760150975827,1.2164837275335685,-0.6355695896718726,0.4550450376782721,-1.9419227098706688,-0.2942340111836253,-0.2797331087021524,2.172811518178049
464,-0.4323874040224576,0.9636734908515264,-0.8471320246658391,0.4888050418008021,-1.0389441197397813,-0.00409943853382,-0.3054648487302706,0.7022235932393305,0.7165252723210361
590,0.8983113538159035,0.2308112036220175,-0.8471320246658391,-2.5751158289622365,2.8802651048770853,-1.554615402651285,2.7331006430566087,-0.675683391743073,-0.4083513838442333
685,0.9940450774013972,-0.8568863049559561,-0.8471320246658391,0.2077113839326334,-1.0389441197397813,-0.0890239643692998,-0.1320108021765229,-0.7073594143863466,-1.769748614362145
858,-0.0394004687040062,-0.8568863049559561,0.6754099306879511,-0.9822517677092808,0.9424338771498568,0.0126281195852889,1.2732165490765388,-0.2797331087021524,0.7465858481116654
488,0.4770829700397317,-0.8568863049559561,-0.8471320246658391,0.4888050418008021,-1.0389441197397813,0.0653842644224809,0.6416691177035039,-0.6123313464565258,-1.1710146185323085
204,-0.4127619906874313,-0.8568863049559561,0.6241322059363293,0.2386316862981318,0.1334688961712472,-0.2960596644742795,0.9163254892609132,0.8606037064556987,0.507918089773979
107,-1.4184447569530418,1.4622981483019837,-0.8471320246658391,0.4888050418008021,-1.0389441197397813,-0.5857037669828615,0.8188667767728008,-0.2797331087021524,-0.4756986353751618
278,0.4253867593035653,1.0726751601546496,-0.8471320246658391,-0.3544759318037039,0.4516952862042407,-1.1750285068714907,0.2049143242228435,-0.2797331087021524,1.5222560627091473
767,-0.4901148393445103,-0.8568863049559561,1.0024617605062207,0.6513708739345596,-0.2634766535014867,0.7267661777472764,-0.1870419061550857,0.8606037064556987,-0.0284649864901299
30,0.0587265979711247,0.5404223281319525,0.6208491808760123,0.2826696926974781,0.5019415583147132,-0.881652872167108,-0.9693321348208748,-0.2797331087021524,0.4779400979827743
145,-1.6549070542092108,1.0262914710894908,-0.8471320246658391,1.0275678860481254,-1.0389441197397813,-0.4467363610702579,0.9411581189473852,0.7022235932393305,-0.3944359799411538
267,2.30559709052266,-0.8568863049559561,-0.8471320246658391,-1.666246335188491,-1.0389441197397813,-0.9897386323213542,1.527657413049986,-0.2797331087021524,2.345824996973015
3,-1.0749521567282907,-0.367306466873205,1.0953244693551942,-1.088598868269404,0.7749463034482814,1.388148091072069,0.2816583807915879,-0.675683391743073,-1.702029734833805
203,-0.2983601910027665,-0.8568863049559561,0.6488330611520495,0.4813092109243177,-0.1462353519103838,-0.3090556903975877,1.0434835277057115,0.8606037064556987,0.3200394910825472
224,-0.6566915183832692,-0.8568863049559561,0.722310288692483,-1.040812946431816,0.6979020195455565,0.397361956324809,1.6248665513703957,0.8606037064556987,0.7139651683388674
41,-1.041445353473368,-0.6990658029117532,1.8476062117478875,-1.162151708744909,-0.3455455646152587,0.4295303373230966,1.0335005609975816,-0.675683391743073,-0.8699959406288937
228,0.0750013309806585,0.6969672787268634,-0.8471320246658391,0.6293518707348864,-0.0340186775303282,-0.6294527651405324,-0.169446927332008,-0.2797331087021524,0.624361528962954
743,-0.2744267601063931,-0.8568863049559561,-0.8471320246658391,0.1936567010392244,-1.0389441197397813,1.784462544970972,0.1337856864274212,-0.6123313464565258,-1.4573333445381076
816,0.2760421505101951,-0.8568863049559561,-0.8471320246658391,0.4888050418008021,-1.0389441197397813,-0.0375545547720395,0.9536368273325468,-0.6123313464565258,-1.2474048180002528
836,1.5780207912729085,-0.5785841705650033,0.3879107361201699,-0.9166632475400412,0.9106112381465576,-0.0761566119699847,-0.7684249298197707,-0.2797331087021524,0.5153506497222115
703,1.040954601958289,1.3347430033727967,-0.8471320246658391,-1.6709312294862937,2.64578250169488,-0.36309857047471,-0.2218575025496879,-0.2797331087021524,2.31650767717721
101,1.3769799717433715,0.3757602319506387,-0.8471320246658391,-1.3148792628532802,1.7246008463362146,-1.554615402651285,1.416596908422047,0.1637312083036785,1.7057990014307765
582,-0.1451862332659767,0.4650488334010694,-0.8471320246658391,2.175366989009814,-1.0389441197397813,-0.526513945946012,-1.292530681996563,0.7022235932393305,0.6714757006348057
108,0.6494036724936202,-0.8568863049559561,-0.8471320246658391,0.4888050418008021,-1.0389441197397813,0.9532315799752202,0.4045736583854311,-0.6123313464565258,-1.0595262193088213
172,1.3769799717433715,0.3757602319506387,-0.8471320246658391,-1.413262043107139,2.0763247511095235,-0.4750445363487516,0.3758726290995597,0.7180616045609673,1.8494951604299368
169,-1.3150523354807089,0.7236378999393298,0.8131406486945933,-0.1623952655937889,0.2172126830220349,-0.4042740981525188,0.0089986025758039,-0.2797331087021524,-0.5791350946547303
329,0.247322033434547,-0.8568863049559561,-0.8471320246658391,0.5356539847788302,-1.0389441197397813,-0.0632892595706696,0.4794459086964014,-0.675683391743073,-1.393991416979282
636,-0.306976226125461,-0.8568863049559561,0.6966714263166722,-1.09890563572457,1.104896823640385,0.1909696238397958,1.4404312414377056,-0.675683391743073,-1.2251071381555556
886,0.3076342792934081,2.1835645132652024,-0.8471320246658391,-0.2842025173366617,0.401449014093768,0.95194484473529,-2.018791510012976,-0.6123313464565258,0.4179015304009412
869,1.3769799717433715,0.3757602319506387,-0.8471320246658391,-1.3148792628532802,1.7246008463362146,-1.554615402651285,1.416596908422047,-0.2797331087021524,1.4658924831017175
893,0.1994551716418002,-0.8568863049559561,-0.8471320246658391,1.0041434145591113,-1.0389441197397813,0.0139148548252207,0.5418394506222101,-0.2797331087021524,-0.8423303008215839
223,0.7796015365698917,1.3347430033727967,-0.8471320246658391,-0.7808013129037594,0.9039117351984944,-0.36309857047471,-0.2218575025496879,-0.6123313464565258,1.2024495249365896
859,-0.3979232635316799,3.310688157548561,-0.8471320246658391,0.1936567010392244,-1.0389441197397813,-0.402987362912587,-1.3636593197919855,-0.6123313464565258,-0.6225742783521777
29,-0.9489665764897812,-0.3326346592969988,1.0596801972717498,-0.5320334256904301,0.332779108876122,1.1127867497267283,0.0882384008215811,-0.675683391743073,-1.706984774799293
97,-0.6025062308338799,-0.2232851123258869,1.0879767466011507,-1.9122032858231384,0.9558328830459828,1.3225245938355632,0.2382324756112248,0.1637312083036785,1.5674708023942276
657,-0.9552850022464238,-0.8568863049559561,1.7638109054464566,-0.5610797703368078,0.2272619374441294,1.0638908106093286,0.0526740819238699,0.8606037064556987,0.571920689328203
467,-1.2260199725461998,0.8245224236560501,0.9194481268381992,-0.1436556884025774,0.3009564698728227,-1.3603183814216273,0.6291904093183421,-0.2797331087021524,-0.5740148866903921
162,-0.080087301227841,1.25241195528214,-0.8471320246658391,0.1936567010392244,-1.0389441197397813,0.5080211869589188,-0.7397239005338994,-0.2797331087021524,-0.2656875248378825
511,1.5110071847630626,1.1955919361773204,-0.8471320246658391,0.2077113839326334,0.8201679483477067,-1.1325662439537516,-0.8195876341989341,0.7180616045609673,2.2446595976776296
186,-0.7904315302322038,0.6784138031007999,-0.8471320246658391,0.4888050418008021,-1.0389441197397813,0.0705312053822067,0.6479084718960847,4.978486650081273,0.5077529217751294
77,0.0271344691879117,0.5346243669988077,-0.8471320246658391,-0.6355695896718726,0.1334688961712472,-0.0375545547720395,0.2548291577634904,-0.2797331087021524,0.3064131311774543
128,2.334317207598308,-0.8568863049559561,-0.8471320246658391,0.3482582128667177,-1.0389441197397813,1.9568850671217952,-2.003817059950781,0.7022235932393305,1.375463003731556
656,2.334317207598308,-0.8568863049559561,-0.8471320246658391,0.3482582128667177,-1.0389441197397813,1.9568850671217952,-2.003817059950781,-0.2797331087021524,1.2053399649164576
249,0.9078847261744528,-0.8568863049559561,-0.8471320246658391,1.5475911531042372,-1.0389441197397813,0.3935017506050151,-0.1399971755430262,0.8606037064556987,0.4335924902916543
659,-1.5811920870483809,1.1492082471121616,-0.8471320246658391,0.4888050418008021,-1.0389441197397813,-0.812169169210807,1.4764947086708229,-0.6123313464565258,-1.540825767956585
442,0.6589770448521696,-0.8568863049559561,-0.8471320246658391,1.0041434145591113,-1.0389441197397813,0.0139148548252207,0.0177336984454177,2.1276446121866446,-0.1853745853972596
75,-0.7770288089302346,0.6853713564605737,-0.8471320246658391,0.4888050418008021,-1.0389441197397813,-0.0967443758088891,0.407069400062464,-0.6123313464565258,-1.117045974908198
424,2.286450345805561,-0.8568863049559561,-0.8471320246658391,-0.5418717037158164,-0.1680087364915886,-1.5173000806932715,1.0160303692583554,-0.2797331087021524,1.4650666431074693
553,0.5555846233798364,-0.8568863049559561,-0.8471320246658391,0.1936567010392244,-1.0389441197397813,1.238886803240015,-0.2405755651274304,-0.2797331087021524,-0.2346359410541559
109,0.4914430285775557,0.7955326179903258,-0.8471320246658391,2.175366989009814,-1.0389441197397813,-0.526513945946012,-2.240912519268854,2.1276446121866446,0.23724903165918
66,-1.1714517501024682,1.905262378874249,-0.8471320246658391,0.1936567010392244,-1.0389441197397813,0.8708805246196027,-0.4901497328306649,-0.2797331087021524,-0.8834571325351369
918,-1.0277554310006425,0.225824957047513,1.652657056975716,-0.4322451771472304,0.5907099723765484,0.4411109544824814,-0.3366616196931749,0.1637312083036785,0.7887036878183161
5,-0.4901148393445103,-0.8568863049559561,1.0024617605062207,0.6513708739345596,-0.2634766535014867,0.7267661777472764,-0.1870419061550857,-0.675683391743073,-1.544294295932427
189,0.303804930349988,1.0042592187835404,-0.8471320246658391,-0.1858197370828029,0.5689365877953435,-0.7246711728954636,-0.1756862815245889,-0.2797331087021524,0.9958656503754396
274,2.0088225474076293,-0.5553923260324239,1.0757826535199724,1.332086015405308,-0.3807179550925895,-1.169881565911765,-0.9306481388268733,-0.6123313464565258,-0.139481477204464
677,0.3076342792934081,-0.8568863049559561,0.9194481268381992,-0.1436556884025774,0.3009564698728227,0.3729139867661106,-1.0591788351940383,-0.2797331087021524,0.0591153448998758
42,-0.8662526393119145,-0.8568863049559561,1.113302939923598,-0.910104395523118,0.2624343279214603,1.506527733145768,0.3797410286989591,0.1637312083036785,-0.0284649864901299
34,-1.3543031621507613,1.0436853544889255,1.149259881060406,2.582952792918658,-0.0675161922706433,-1.3423040880625867,-1.4722240827428916,-0.2797331087021524,-0.0354846264412386
926,-1.0895994164368712,0.6494239974350757,1.163642657515129,-0.2860764750557825,0.2657840793954918,0.4295303373230966,-0.3366616196931749,0.8606037064556987,1.068250525871281
131,-0.2504933292100197,0.291109999406724,0.3566438307838153,0.3482582128667177,-0.0340186775303282,-0.6937895271371077,-0.306712719568787,-0.2797331087021524,-0.1209590658459116
305,-0.4228140316639082,0.2099385435426961,0.2628431147747513,3.065496905592348,-0.0340186775303282,-1.543034785491902,-0.98056297236752,-0.2797331087021524,-0.4306490636889306
415,2.477917792976548,-0.8568863049559561,-0.8471320246658391,-0.9166632475400412,-0.6202251854858425,1.0561703991697409,-1.2176584316855927,-0.2797331087021524,1.5612770024373672
22,2.334317207598308,-0.8568863049559561,-0.8471320246658391,0.3482582128667177,-1.0389441197397813,1.9568850671217952,-2.003817059950781,-0.675683391743073,-0.1209590658459116
175,-0.0111590202462857,0.6389876673954149,0.7162132421518939,-0.4481738177597601,0.4684440435743982,-1.9033206526727235,0.3920949500002694,-0.2797331087021524,1.018287206219274
345,1.1548777330250266,0.2412475336616783,-0.8471320246658391,-1.6006578150192514,0.8704142204581795,-0.3360771304361495,0.9798421149413868,-0.2797331087021524,1.957267279679308
783,-0.8695075859138214,-0.8568863049559561,1.109863580336599,-0.9236905889867456,0.6158331084317847,1.4820797635870682,0.36202126279203,-0.2797331087021524,-0.4401462236227832
178,0.4914430285775557,0.7955326179903258,-0.8471320246658391,2.175366989009814,-1.0389441197397813,-0.526513945946012,-2.240912519268854,0.7022235932393305,0.1140337045173712
0,0.8983113538159035,0.2308112036220175,-0.8471320246658391,-2.5751158289622365,2.8802651048770853,-1.554615402651285,2.7331006430566087,-0.6123313464565258,0.5917408491901559
56,0.6494036724936202,-0.8568863049559561,-0.8471320246658391,0.4888050418008021,-1.0389441197397813,0.9532315799752202,0.4158044959320763,-0.675683391743073,-1.243812414025274
67,-0.9552850022464238,-0.8568863049559561,1.7638109054464566,-0.5610797703368078,0.2272619374441294,1.0638908106093286,0.0526740819238699,-0.675683391743073,-1.3291629774308098
500,-0.5965707399715792,-0.8568863049559561,1.0934484550350128,-1.0811030373929196,0.8586900902990692,1.3611266510335085,0.2661847823939872,0.1637312083036785,0.0867396927074731
528,-1.6549070542092108,1.0262914710894908,-0.8471320246658391,1.0275678860481254,-1.0389441197397813,-0.4467363610702579,0.9411581189473852,-0.2797331087021524,-0.9117421523381326
501,0.7451373960791138,-0.6365637818964518,1.3571848015471644,-1.2914547913642662,0.7883453093444074,-0.3978404219528613,0.3421801164596225,0.1637312083036785,1.9723093651118608
52,-0.6566915183832692,-0.8568863049559561,0.722310288692483,-1.040812946431816,0.6979020195455565,0.397361956324809,1.6248665513703957,0.1637312083036785,0.513698969733715
496,-0.1595462918038008,0.4302610666022003,0.5051616311314999,0.6527763422239005,-0.0507674349004857,-1.805528774437929,0.2099058075769079,-0.2797331087021524,0.3428326749237932
860,-0.5965707399715792,-0.8568863049559561,1.0934484550350128,-1.0811030373929196,0.8586900902990692,1.3611266510335085,0.2661847823939872,0.8606037064556987,0.6235356889687058
760,-0.0398791373219338,-0.8568863049559561,-0.8471320246658391,0.441956098822774,-1.0389441197397813,-0.0632892595706696,1.0285090776435173,2.1276446121866446,-0.2089110252333292
802,-0.7578820642131359,-0.7293311600267693,1.3571848015471644,1.1446902434931956,-0.7508654929730714,-0.3978404219528613,0.3421801164596225,-0.6123313464565258,-1.242567755058823
72,-0.8662526393119145,-0.8568863049559561,1.113302939923598,-0.910104395523118,0.2624343279214603,1.506527733145768,0.3797410286989591,0.8606037064556987,0.2845283713298812
625,0.384221258161803,1.047164131168812,-0.8471320246658391,0.4185316273337599,-0.268501280712534,-1.324289794703546,0.005254990060256,-0.2797331087021524,1.2816475803849772
756,0.8887379814573543,1.3370621878260545,-0.8471320246658391,-0.5371868094180138,0.6526803746461312,-0.6024313251019705,-0.2106266650030412,0.7180616045609673,1.7417230411805666
118,-1.4184447569530418,1.4622981483019837,-0.8471320246658391,0.4888050418008021,-1.0389441197397813,-0.5857037669828615,0.8188667767728008,0.7022235932393305,0.0461496569901811
734,-1.3131376610089989,-0.6829474709616106,2.20139124562874,-0.2607780458476477,-0.0340186775303282,0.6186804175930286,-0.805861054975256,-0.2797331087021524,-1.2263458981469275
378,0.5058030871153798,-0.6527980730692573,1.622953496906179,0.3482582128667177,1.523615757894324,-0.0761566119699847,-1.7542428922475468,-0.2797331087021524,0.509569769762475
455,1.028509217892175,0.2690777471007735,-0.8471320246658391,-1.1087439137499562,0.9876555220492822,-1.554615402651285,1.8982750520892897,0.1637312083036785,1.1607446052270631
287,-0.7770288089302346,0.6853713564605737,-0.8471320246658391,0.4888050418008021,-1.0389441197397813,-0.0967443758088891,0.407069400062464,-0.2797331087021524,-0.3220923964450247
874,-0.5629682029930707,-0.8568863049559561,0.6641538447668633,0.3618444063303455,-0.2919495410307545,-0.075127223778039,1.2072041817190338,0.1637312083036785,-0.3815115840311718
90,0.8983113538159035,-0.8568863049559561,-0.8471320246658391,0.2077113839326334,-1.0389441197397813,0.8374254083813847,-0.1944043441023315,-0.6123313464565258,-0.5842553026190682
797,-1.0749521567282907,-0.367306466873205,1.0953244693551942,-1.088598868269404,0.7749463034482814,1.388148091072069,0.2816583807915879,0.8606037064556987,0.738740368166309
100,1.1855125245723843,-0.8568863049559561,-0.8471320246658391,-0.3076269888256758,-1.0389441197397813,1.89254830512522,-0.98056297236752,-0.2797331087021524,0.9873182064349724
206,-1.417487419717187,1.580576555418138,-0.8471320246658391,0.6621461308195056,-0.5197326412648972,-0.3026220141979301,0.2710514786642001,-0.2797331087021524,-0.412026371818637
661,1.5780207912729085,-0.5785841705650033,0.3879107361201699,-0.9166632475400412,0.9055866109355102,-0.0761566119699847,-0.7684249298197707,-0.6123313464565258,0.9695626465586392
895,-0.2983601910027665,1.2303797029761894,0.6380459788110072,-1.0572100764741257,0.5438134517401071,-1.4529633186966964,0.3297014080744608,-0.2797331087021524,1.9192786399438968
469,1.013191822118496,-0.6249678596301621,0.6224125261428299,-1.150907962430182,1.35947793566678,-0.4493098315501215,0.8912432854067383,-0.6123313464565258,0.0611386528857833
825,0.1324415651319547,-0.8568863049559561,-0.8471320246658391,0.1608624409546053,-1.0389441197397813,1.2363133327601517,-0.0571385518655525,-0.6123313464565258,-1.2589665779197257
55,-1.2738868343389464,-0.8568863049559561,1.288397609807184,-1.0993741251543512,1.6576058168555845,0.3716272515261788,0.7053105304678289,-0.2797331087021524,-1.0695188832392226
531,1.5780207912729085,-0.5785841705650033,0.3879107361201699,-0.9166632475400412,0.9055866109355102,-0.0761566119699847,-0.7684249298197707,0.1637312083036785,1.5121395227796086
106,1.0706320562697922,-0.8568863049559561,-0.8471320246658391,0.4888050418008021,-1.0389441197397813,-0.4158547153119021,0.1500080073281322,-0.675683391743073,-0.995275867756323
73,0.9940450774013972,-0.8568863049559561,-0.8471320246658391,0.2077113839326334,-1.0389441197397813,-0.0890239643692998,-0.1320108021765229,-0.5014652672050679,-0.4727669033955813
746,0.5536699489081266,-0.8568863049559561,-0.8471320246658391,0.1608624409546053,-1.0389441197397813,1.2363133327601517,-0.2443191776429784,-0.2797331087021524,-0.2382283450291348
722,-0.2983601910027665,-0.8568863049559561,-0.8471320246658391,0.0203156120205209,-1.0389441197397813,1.6352012571389185,0.5792755757776952,-0.2797331087021524,-0.8951840604534592
86,0.0692573075655287,0.5462202892650974,-0.8471320246658391,-0.195189525678408,0.1334688961712472,-0.8366171387695053,0.6978233054367315,-0.2797331087021524,0.3786328386744462
695,0.7796015365698917,1.3347430033727967,-0.8471320246658391,-0.7808013129037594,0.9039117351984944,-0.36309857047471,-0.2218575025496879,-0.675683391743073,-0.0309425064728742
642,-0.2600667015685691,-0.8568863049559561,-0.8471320246658391,0.7698986996689707,-1.0389441197397813,-0.0632892595706696,1.1158600363396494,5.057676706689456,-0.3612785041720945
117,0.7451373960791138,-0.6365637818964518,1.3571848015471644,-1.2914547913642662,0.7883453093444074,-0.3978404219528613,0.3421801164596225,-0.6123313464565258,0.1672590921466579
755,1.3769799717433715,0.3757602319506387,-0.8471320246658391,-1.3148792628532802,1.7246008463362146,-1.554615402651285,1.416596908422047,-0.675683391743073,-0.1449084256791054
76,-0.987355799647564,0.6482644052084467,1.006995461779992,-0.076193210514217,-0.4410134816251567,0.4423976897224117,-0.3341658780161434,0.1637312083036785,0.7647543279851224
59,-0.6454906727237663,-0.8568863049559561,1.884657494571468,-1.2544441264116244,0.6627296290682259,1.036869370570768,0.0345799547653863,-0.2797331087021524,0.2593402515053155
365,-0.2983601910027665,-0.8568863049559561,0.6488330611520495,0.4813092109243177,-0.1462353519103838,-0.3090556903975877,1.0434835277057115,-0.675683391743073,-1.6367883752882086
233,-0.1451862332659767,0.4650488334010694,-0.8471320246658391,2.175366989009814,-1.0389441197397813,-0.526513945946012,-1.292530681996563,5.057676706689456,1.0235312901827491
308,-1.2461240544991532,-0.8568863049559561,2.0294232662787897,-0.6824185326499007,0.9709067646791248,0.2326598456135767,-0.0197024267100674,-0.2797331087021524,-1.2127195382418348
348,-0.2035838046531281,0.3096634750327874,0.3785306645192636,-0.5137623379289997,0.702926646756604,-0.4789047420685456,-0.1332586730150393,-0.2797331087021524,0.835776567490455
429,2.0949828986345738,-0.8568863049559561,-0.8471320246658391,0.863596585625027,-1.0389441197397813,1.9568850671217952,-2.003817059950781,2.1276446121866446,0.9117538469612758
301,0.9413915294293758,0.896417141707046,-0.8471320246658391,-1.2961396856620686,1.6241083021152691,2.0765514444354247,-2.103646727032075,-0.2797331087021524,0.981124406478112
63,-1.3514311504431962,1.0448449467155545,1.1539499168608591,2.597007475812067,-0.0340186775303282,-1.337157147102861,-1.467232599388827,-0.2797331087021524,-0.0354846264412386
584,0.8887379814573543,-0.8568863049559561,-0.8471320246658391,0.3951071558447458,0.1334688961712472,0.5157415983985082,-0.5438081788868597,-0.2797331087021524,0.1936859719625955
49,0.9653249603257492,-0.8568863049559561,-0.8471320246658391,0.1608624409546053,-1.0389441197397813,0.9532315799752202,-0.4314998034204042,-0.2797331087021524,0.0962368526413257
729,0.2186019163588989,0.0244037872820609,-0.8471320246658391,2.175366989009814,-1.0389441197397813,-0.526513945946012,-1.292530681996563,3.5530656311339586,1.1115658335695913
924,1.3674065993848223,-0.6017760150975827,1.2164837275335685,-0.1670801598915914,0.381350505249579,-1.9419227098706688,-0.2942340111836253,-0.2797331087021524,1.571187082368344
912,0.1611616822076027,-0.8568863049559561,0.8256474108291352,0.2077113839326334,-0.0340186775303282,-1.2084836231097102,0.5168820338518866,-0.2797331087021524,0.4084043704670886
605,-1.1120968414794623,0.6331897062622701,1.218047072800386,-0.304816052246994,0.3143554757689488,0.4230966611234391,-0.3366616196931749,-0.5014652672050679,-0.1634898255496864
670,1.625887653065655,-0.8568863049559561,-0.8471320246658391,-0.7761164186059569,0.8452910844029431,0.7344865891868643,-0.3566275531094339,-0.2797331087021524,2.5741697553826013
69,1.3769799717433715,0.3757602319506387,-0.8471320246658391,-1.3148792628532802,1.7246008463362146,-1.554615402651285,1.416596908422047,0.7180616045609673,1.7594786010569
892,-0.8279591498777171,-0.8568863049559561,0.724342637539346,-0.7470700739595793,0.2138629315480035,0.4308170725630284,1.6511966260630868,0.1637312083036785,-0.1110489859149353
440,-0.7904315302322038,0.6784138031007999,-0.8471320246658391,0.4888050418008021,-1.0389441197397813,0.0705312053822067,0.6479084718960847,-0.6123313464565258,-1.2684224458538658
243,-0.3287077813793679,-0.8568863049559561,1.1083002350697813,-1.7927384812291665,0.969231888942109,1.4653522054679593,0.3408074585372545,0.1637312083036785,1.4675441630902135
416,1.9035154514635864,-0.8568863049559561,-0.8471320246658391,0.4888050418008021,-1.0389441197397813,-0.4724710658688881,-0.7659291881427378,-0.2797331087021524,0.4865701259226668
815,-0.2810323870337922,-0.8568863049559561,0.7152752349918032,-1.6596874831715678,1.029527415474676,0.4256701316033027,1.574577356578194,-0.675683391743073,-0.8860998205167308
591,0.9653249603257492,-0.8568863049559561,-0.8471320246658391,0.2077113839326334,-1.0389441197397813,0.9532315799752202,-0.4314998034204042,-0.2797331087021524,0.0962368526413257
280,0.2310473004250132,1.502883876233997,-0.8471320246658391,1.0275678860481254,-1.0389441197397813,-0.0967443758088891,-1.7792003090178703,0.7022235932393305,1.12477927347756
465,-0.8279591498777171,-0.8568863049559561,0.724342637539346,-0.7470700739595793,0.2138629315480035,0.4308170725630284,1.6511966260630868,-0.675683391743073,-1.3993593769418942
134,-0.4730742365462924,-0.8568863049559561,1.0542084888378878,-0.3563498895228246,0.086572375534806,1.074184692528783,0.0607852423742262,-0.2797331087021524,-0.1250882658171519
581,-1.2738868343389464,-0.8568863049559561,1.9997197062092529,-0.0077937537662956,1.4733694857838513,-1.7244644543222445,1.3816565249435933,-0.2797331087021524,-1.2152383502242914
344,0.3909226188127874,-0.8568863049559561,-0.8471320246658391,1.0041434145591113,-1.0389441197397813,0.0139148548252207,0.3297014080744608,-0.5014652672050679,-0.9009649404131956
111,-0.8695075859138214,-0.8568863049559561,1.109863580336599,-0.700689620411331,0.6158331084317847,1.3649868567533023,0.3159748288507826,-0.2797331087021524,-0.6569292221128967
586,-1.2097452395366657,1.2698058386815745,-0.8471320246658391,0.5497086676722391,0.4851928009445557,-1.2316448574284768,1.1745099657499098,-0.2797331087021524,-0.7205189016699964
700,-0.8279591498777171,-0.8568863049559561,0.724342637539346,-0.7470700739595793,0.2138629315480035,0.4308170725630284,1.6511966260630868,-0.5014652672050679,-0.6486708221704163
342,0.7164172790034657,0.523028444732518,-0.8471320246658391,-1.0103611334960976,0.4734686707854453,1.1333745135656312,-1.4547538910036657,-0.2797331087021524,1.3882635236424008
549,-0.5965707399715792,-0.8568863049559561,1.0934484550350128,-1.0811030373929196,0.8586900902990692,1.3611266510335085,0.2661847823939872,-0.5014652672050679,-0.5850811426133162
681,1.7982083555195436,0.5021557846531965,-0.8471320246658391,-2.050407667608321,4.35415575345095,-1.554615402651285,0.8350890976735105,-0.6123313464565258,1.1425761253536058
519,-0.1451862332659767,0.44185698886849,0.5129783574655886,-0.1670801598915914,0.6359316172759737,-0.8095956987309433,-0.3566275531094339,-0.2797331087021524,0.2155707318101687
617,-0.2964455165310568,1.0773135290611655,-0.8471320246658391,1.0275678860481254,-1.0389441197397813,0.0602373234627552,-0.9917938099141652,-0.6123313464565258,-0.9862329198193068
71,1.3769799717433715,0.3757602319506387,-0.8471320246658391,-1.413262043107139,2.0763247511095235,-0.4750445363487516,0.3758726290995597,-0.675683391743073,0.0289308931101093
330,1.85564858967084,-0.8568863049559561,-0.8471320246658391,2.175366989009814,-1.0389441197397813,-0.526513945946012,-2.240912519268854,3.5530656311339586,0.3780960426781852
252,-1.1016618656086434,-0.8568863049559561,1.7053417924674736,-0.2392275320777543,-0.2869249138197072,1.1024928678072738,0.0812503241258913,-0.675683391743073,-1.5005247762372804
235,-0.2983601910027665,-0.8568863049559561,0.6488330611520495,0.2742368829614327,-0.1127378371700686,-0.2066315652990392,1.0930239999948028,-0.5014652672050679,-0.6528000221416563
811,0.6494036724936202,-0.8568863049559561,-0.8471320246658391,0.4888050418008021,-1.0389441197397813,1.069037751569056,0.4420097835409163,-0.6123313464565258,-1.6054064555067828
28,-1.3897246398773937,1.415914459236825,0.6849463368155392,0.8167476426469988,-0.0340186775303282,-1.6202388998877923,0.1175633655267115,-0.2797331087021524,-0.5301627829958209
141,-0.4323874040224576,-0.8568863049559561,-0.8471320246658391,0.5356539847788302,-1.0389441197397813,-0.0632892595706696,1.3903916208132072,-0.6123313464565258,-1.546771815915171
444,-0.6452992052765955,0.2802098324764117,-0.463799765242131,0.008134886846234,0.0748482453756958,1.1977112755622066,0.1490097106573188,-0.2797331087021524,0.264295291470804
1,0.5823900659837746,-0.4162412588369475,-0.8471320246658391,2.175366989009814,-1.0389441197397813,-0.526513945946012,-1.292530681996563,2.1276446121866446,0.9765822865097474
207,-0.6454906727237663,-0.8568863049559561,1.884657494571468,-1.2544441264116244,0.6627296290682259,1.036869370570768,0.0345799547653863,0.8606037064556987,0.853945047363912
925,-1.2269773097820549,0.3258977662055931,-0.8471320246658391,0.4888050418008021,-1.0389441197397813,-1.0926774515158746,2.115404577991104,0.7022235932393305,-0.5686469267277799
196,0.2310473004250132,1.502883876233997,-0.8471320246658391,1.0275678860481254,-1.0389441197397813,-0.0967443758088891,-1.7792003090178703,-0.2797331087021524,0.4527106861584968
110,-1.1216702138380117,-0.8568863049559561,2.279558508969627,-0.0265333309575071,1.1383943383807005,-1.594504195089162,0.9037219937919,-0.2797331087021524,-1.2416239380405163
2,1.617271617942961,-0.2770901916414712,-0.8471320246658391,0.863596585625027,-0.5364813986350547,1.9491646556822075,-2.001321318273748,-0.2797331087021524,0.2130932118274248
917,-0.0398791373219338,-0.8568863049559561,-0.8471320246658391,0.441956098822774,-1.0389441197397813,-0.0632892595706696,1.0285090776435173,-0.5014652672050679,-0.8716476206173898
79,1.5780207912729085,-0.5785841705650033,0.3879107361201699,-0.9166632475400412,0.9106112381465576,-0.0761566119699847,-0.7684249298197707,-0.675683391743073,-0.746945781485934
158,-1.2489960662067183,-0.8568863049559561,2.0497467547474204,-0.6964732155433097,1.5738620300047963,1.3070837709563845,-1.1927010149152693,-0.2797331087021524,-1.338907889362937
871,-0.6477882820898182,-0.8568863049559561,1.876840768237379,-1.2628769361476684,0.913960989620589,1.0214285476915896,0.0237234784702955,0.1637312083036785,0.935290286797345
491,1.1376456627796376,-0.8568863049559561,-0.8471320246658391,0.2545603269106615,-1.0389441197397813,0.6701498271902889,-0.3566275531094339,-0.6123313464565258,-0.3398066643216452
576,-0.0380601965738094,0.277426811132502,-0.4647377724022216,-0.9775668734114784,0.8352418299808485,1.1423816602451522,0.1108248629987246,0.1637312083036785,1.8569277203781696
808,-0.4323874040224576,0.9636734908515264,-0.8471320246658391,0.4888050418008021,-1.0389441197397813,-0.00409943853382,-0.3054648487302706,-0.2797331087021524,-0.1756709654648451
321,-1.355260499386616,1.5712998176051067,-0.8471320246658391,0.4888050418008021,-1.0389441197397813,0.9532315799752202,0.4158044959320763,0.7022235932393305,0.212019619834902
781,0.159247007735893,0.7340742299789903,0.8240840655623175,0.924500211496464,-0.0340186775303282,-1.2162040345492997,-1.4759676952584408,-0.2797331087021524,1.060446337925637
532,-0.8279591498777171,-0.8568863049559561,0.724342637539346,-0.5339073834095521,0.2138629315480035,0.3227313124087822,1.6000339216839234,0.1637312083036785,0.4534126501536073
69,-0.950306848619978,2.306481289287873,-0.8471320246658391,0.1936567010392244,-1.0389441197397813,0.5080211869589188,-0.7397239005338994,-0.6123313464565258,-1.4041079569088204
392,-1.6549070542092108,1.0262914710894908,-0.8471320246658391,1.0275678860481254,-1.0389441197397813,-0.4467363610702579,0.9411581189473852,-0.675683391743073,-2.0054433487205383
326,-0.2810323870337922,-0.8568863049559561,0.7152752349918032,-1.6596874831715678,1.029527415474676,0.4256701316033027,1.574577356578194,0.8606037064556987,0.571920689328203
865,-0.6456821401709374,0.2800938732537487,-0.4639560997688127,0.0067294185568931,0.1100206358530267,1.195137805082343,0.1472626914833963,-0.2797331087021524,0.59215376918728
844,1.9513823132563333,-0.8568863049559561,-0.8471320246658391,-1.666246335188491,-1.0389441197397813,1.89254830512522,0.3297014080744608,-0.2797331087021524,2.166204798224065
346,2.0949828986345738,-0.8568863049559561,-0.8471320246658391,0.863596585625027,-1.0389441197397813,1.9568850671217952,-2.003817059950781,-0.5014652672050679,0.0669195328455197
559,-1.041445353473368,-0.6990658029117532,1.8476062117478875,-1.162151708744909,-0.3455455646152587,0.4295303373230966,1.0335005609975816,0.8606037064556987,0.1115148925349147
439,0.6589770448521696,-0.8568863049559561,-0.8471320246658391,1.0041434145591113,-1.0389441197397813,0.0139148548252207,0.0177336984454177,0.7022235932393305,-0.2675456648249407
78,0.35262912937859,-0.8568863049559561,1.1226830115245046,1.332086015405308,-0.0340186775303282,-1.4400959662973811,-0.4564572201907277,-0.2797331087021524,0.2539722915427032
404,1.3769799717433715,0.3757602319506387,-0.8471320246658391,-1.3148792628532802,1.7246008463362146,-1.554615402651285,1.416596908422047,-0.6123313464565258,0.8015042077291609
835,0.9653249603257492,-0.8568863049559561,-0.8471320246658391,0.2077113839326334,-1.0389441197397813,1.7767421335313842,0.1300420739118732,-0.6123313464565258,-1.4584069365306298
163,0.4770829700397317,-0.8568863049559561,-0.8471320246658391,0.4888050418008021,-1.0389441197397813,-1.2084836231097102,0.6416691177035039,-0.675683391743073,-1.3353567773876702
341,-0.4113259848336491,0.984546150930848,-0.8471320246658391,0.1936567010392244,-1.0389441197397813,0.8708805246196027,-0.4901497328306649,-0.2797331087021524,-0.5332596829742511
248,-0.7904315302322038,0.6784138031007999,-0.8471320246658391,0.4888050418008021,-1.0389441197397813,0.0705312053822067,0.6479084718960847,0.7022235932393305,0.1351339163704085
533,-0.2792134462856678,-0.8568863049559561,-0.8471320246658391,0.1608624409546053,-1.0389441197397813,1.7767421335313842,0.1300420739118732,-0.2797331087021524,-0.9657933799616676
438,-1.1120968414794623,0.6331897062622701,1.218047072800386,-0.304816052246994,0.3143554757689488,0.4230966611234391,-0.3366616196931749,0.1637312083036785,1.0723797258425216
302,-0.9489665764897812,-0.3326346592969988,1.0596801972717498,-0.5320334256904301,0.332779108876122,1.1127867497267283,0.0882384008215811,-0.2797331087021524,-0.272500704790429
763,0.247322033434547,-0.8568863049559561,-0.8471320246658391,0.5356539847788302,-1.0389441197397813,-0.0632892595706696,0.4794459086964014,0.7022235932393305,-0.1733999054806631
33,-1.115926190422882,-0.8568863049559561,1.5041392566280314,0.0015760348293094,0.920660492568652,0.6482753281114527,-0.5575347581105379,-0.2797331087021524,-1.0650593472702834
379,-0.8727625325157282,1.3463389256390863,-0.8471320246658391,2.175366989009814,-1.0389441197397813,-0.526513945946012,-1.292530681996563,-0.2797331087021524,0.3017884272096653
17,0.142014937490504,-0.8568863049559561,-0.8471320246658391,0.4888050418008021,-1.0389441197397813,1.4421909711491927,-0.1070533854061994,-0.2797331087021524,-0.8485241007784444
382,-1.3035642886504497,0.4882406779336488,1.0132488428472632,0.1140134979765771,-0.0842649496408008,-1.8003818334782031,1.3279980788873986,-0.2797331087021524,-0.3988542239103808
174,-0.4180273454846335,1.8971452332878471,-0.8471320246658391,2.175366989009814,-1.0389441197397813,-0.526513945946012,-2.240912519268854,0.7022235932393305,-0.1617555615617654
32,0.1621190194434579,-0.8568863049559561,0.8334641371632239,-0.8417049387751966,1.104896823640385,-0.253726075080532,0.1300420739118732,-0.2797331087021524,0.0028756412915831
387,-0.7578820642131359,-0.7293311600267693,1.3571848015471644,1.1446902434931956,-0.7508654929730714,-0.3978404219528613,0.3421801164596225,-0.675683391743073,-1.5552071813937391
93,-0.4237713688997631,0.2064597668628092,0.2706598411088399,3.0608120112945456,-0.0340186775303282,-1.5443215207318337,-0.9755714890134556,-0.2797331087021524,-0.4304838956900813
132,0.0271344691879117,0.5311455903189207,-0.8471320246658391,-0.6215149067784637,0.1669664109115623,-0.0324076138123138,0.2573248994405234,-0.2797331087021524,0.3064544231771671
487,-1.236550682140604,1.20718785844361,1.3259178962108098,-0.6355695896718726,1.9758322068885776,-0.3721057171542312,-0.98056297236752,-0.2797331087021524,0.0318213330899777
478,-0.909141347478216,0.5821676482905953,-0.8471320246658391,0.1936567010392244,-1.0389441197397813,1.4216032073102898,-0.1157884812758132,-0.2797331087021524,-1.0912384750879467
171,-1.265270799216252,0.5067941535597122,0.586455585006022,0.0624796607007465,0.1502176535414047,-0.2511526046006698,0.0838708528867743,-0.2797331087021524,-0.7362511535604218
6,-1.5811920870483809,1.1492082471121616,-0.8471320246658391,0.4888050418008021,-1.0389441197397813,-0.812169169210807,1.4764947086708229,-0.675683391743073,-1.7689640663676092
391,2.0088225474076293,-0.5553923260324239,1.0757826535199724,0.910445528603055,-0.3807179550925895,-1.9419227098706688,-0.9306481388268733,-0.675683391743073,-0.3754357610983695
662,0.3239090123029419,0.7317550455257325,-0.8471320246658391,-1.7130952781665192,-0.0507674349004857,2.0212218291183706,-0.3566275531094339,-0.2797331087021524,2.7508995141516848
614,-1.094864771234073,2.044413446069726,-0.8471320246658391,1.0275678860481254,-1.0389441197397813,0.0345026186641251,-1.0105118724919078,-0.2797331087021524,-0.1119987019083204
610,-0.9489665764897812,-0.3326346592969988,1.0596801972717498,-0.5320334256904301,0.332779108876122,1.1127867497267283,0.0882384008215811,0.8606037064556987,0.769709367950611
23,2.0949828986345738,-0.8568863049559561,-0.8471320246658391,0.863596585625027,-1.0389441197397813,1.9568850671217952,-2.003817059950781,3.5530656311339586,1.1582670852443189
499,-1.3925966515849586,1.502883876233997,-0.8471320246658391,0.1936567010392244,-1.0389441197397813,1.3289582700352207,-0.1781820232016218,-0.6123313464565258,-1.6955055988792451
306,-0.6477882820898182,-0.8568863049559561,1.876840768237379,-1.2628769361476684,0.913960989620589,1.0214285476915896,0.0237234784702955,0.8606037064556987,1.4064320035158582
354,0.9461782156086505,0.2447263103415652,-0.8471320246658391,2.175366989009814,-1.0389441197397813,-0.526513945946012,-2.240912519268854,-0.2797331087021524,0.0377260890488513
837,-0.5779026638724077,0.8500334526418872,-0.8471320246658391,0.1936567010392244,-1.0389441197397813,1.0561703991697409,-0.3653626489790477,-0.6123313464565258,-1.361205569207634
585,1.85564858967084,-0.8568863049559561,-0.8471320246658391,2.175366989009814,-1.0389441197397813,-0.526513945946012,-2.240912519268854,0.7022235932393305,0.3839595066373466
208,-0.6566915183832692,-0.8568863049559561,0.722310288692483,-1.040812946431816,0.6979020195455565,0.397361956324809,1.6248665513703957,-0.5014652672050679,-0.6255473023314707
71,1.3674065993848223,-0.6017760150975827,1.2164837275335685,-0.1670801598915914,0.381350505249579,-1.9419227098706688,-0.2942340111836253,0.1637312083036785,1.7894447953108654
706,-0.0583557459739341,-0.8568863049559561,1.0499874566174798,-1.0347225838446723,0.6191828599058162,1.0381561058106985,0.048930469408322,-0.2797331087021524,0.9290964868404844
508,-1.3925966515849586,1.502883876233997,-0.8471320246658391,0.1936567010392244,-1.0389441197397813,1.3289582700352207,-0.1781820232016218,-0.2797331087021524,-1.0551905593390192
832,-1.715219300068072,0.9172898017863677,-0.8471320246658391,0.4888050418008021,-1.0389441197397813,-1.1055448039151898,2.101677998767425,-0.2797331087021524,-1.110480546953926
773,-0.0398791373219338,0.4975174157466805,0.5755121681382979,0.4232165216315625,0.1334688961712472,-0.3399373361559435,-1.3474369988912744,-0.2797331087021524,0.4647679500745182
146,0.6494036724936202,-0.8568863049559561,-0.8471320246658391,0.4888050418008021,-1.0389441197397813,0.9532315799752202,0.4045736583854311,-0.675683391743073,-1.2474048180002528
567,0.3851785953976576,-0.8568863049559561,1.1523865715940416,0.043740083509535,0.887162977828337,-1.323003059463614,0.0763836278556784,-0.2797331087021524,0.0866984007077604
4,-1.102523469120913,2.1580534842793653,-0.8471320246658391,0.067164554998549,1.1383943383807005,-1.4658306710960114,0.6666265344738272,-0.2797331087021524,0.1255541724371313
136,-0.0380601965738094,0.277426811132502,-0.4647377724022216,-0.9775668734114784,0.8352418299808485,1.1423816602451522,0.1108248629987246,-0.675683391743073,-0.321638184448188
187,0.0750013309806585,0.6934885020469763,-0.8471320246658391,0.6246669764370839,-0.117762464381116,-0.6281660299006007,-0.1681990564934916,-0.2797331087021524,0.6246092809612286
78,-0.6621483406276423,-0.8568863049559561,1.103610199269328,-1.0572100764741257,0.2741584580805706,1.4473379121089198,0.3239612022172859,-0.5014652672050679,-0.2675456648249407
498,0.0271344691879117,-0.6829474709616106,1.3571848015471644,-0.1202312169135633,-0.124461967329179,-1.6845756618843677,0.3421801164596225,-0.2797331087021524,0.4740586500098085
44,1.013191822118496,-0.6249678596301621,0.6224125261428299,-1.150907962430182,1.294157781923165,-0.4493098315501215,0.8912432854067383,-0.2797331087021524,0.6507884087788917
840,2.3946294534571684,-0.8568863049559561,-0.8471320246658391,-1.8630118956962085,3.684205458644648,-1.554615402651285,1.4989563837641149,-0.2797331087021524,1.2325926847266435
510,-1.0929500967623635,0.0174462339222872,1.763654570919775,-0.8215598932946442,0.2858825882396809,0.4423976897224117,-0.0434119726418744,0.1637312083036785,1.0566887659518085
448,1.5110071847630626,1.1955919361773204,-0.8471320246658391,0.2077113839326334,0.8201679483477067,-1.1325662439537516,-0.8195876341989341,0.1637312083036785,2.148862158344856
512,-1.1120968414794623,-0.8566543865106303,1.39736277490438,-0.8318666607498103,-1.0389441197397813,0.4205231906435769,1.5888030841372782,0.1637312083036785,0.0446218530008224
120,-1.4184447569530418,1.4622981483019837,-0.8471320246658391,0.4888050418008021,-1.0389441197397813,-0.5857037669828615,0.8188667767728008,-0.6123313464565258,-1.3267680414474905
445,-1.2939909162919,1.8101758162906745,-0.8471320246658391,0.9572944715810832,-0.5364813986350547,-1.8775859478740933,1.2281684118061047,-0.2797331087021524,-0.1651415055381825
916,2.0949828986345738,-0.8568863049559561,-0.8471320246658391,0.863596585625027,-1.0389441197397813,1.9568850671217952,-2.003817059950781,-0.7073594143863466,-1.3882105370195454
279,1.9035154514635864,-0.8568863049559561,-0.8471320246658391,0.4888050418008021,-1.0389441197397813,-0.4750445363487516,-0.6561165543533153,0.7022235932393305,1.1054133256124434
570,-0.7435220056753118,2.6833487629422885,-0.8471320246658391,1.0275678860481254,-1.0389441197397813,-0.1224790806075192,-1.791679017403032,0.7022235932393305,0.9609739106184594
742,0.4292161082469849,1.0680367912481337,-0.8471320246658391,-0.3544759318037039,0.4684440435743982,-1.169881565911765,0.2049143242228435,-0.2797331087021524,1.522049602710585
609,0.5431392393137221,1.3347430033727967,-0.8471320246658391,-0.3123118831234783,0.5521878304251859,-0.36309857047471,-0.2218575025496879,-0.675683391743073,-0.7019375017994154
730,-0.2744267601063931,-0.8568863049559561,-0.8471320246658391,0.1936567010392244,-1.0389441197397813,1.784462544970972,0.1337856864274212,-0.2797331087021524,-0.9613751359924404
707,0.7796015365698917,1.3347430033727967,-0.8471320246658391,-0.7808013129037594,0.9039117351984944,-0.36309857047471,-0.2218575025496879,-0.6123313464565258,-0.7737855812989958
619,0.2186019163588989,0.7665428123246015,-0.8471320246658391,1.5194817873174205,-0.0340186775303282,-1.0026059847206692,-0.6436378459681535,-0.2797331087021524,-0.143669665687733
60,-0.2762457008545175,-0.8568863049559561,0.6966714263166722,-1.654534099443984,1.3343547996115437,0.1909696238397958,1.4404312414377056,0.1637312083036785,1.1983203249653491
292,-1.2097452395366657,1.2698058386815745,-0.8471320246658391,0.5497086676722391,0.4851928009445557,0.9583785209349476,-0.9593491681127444,-0.2797331087021524,-1.0498638913761191
268,-0.5965707399715792,-0.8568863049559561,1.0934484550350128,-1.0811030373929196,0.8586900902990692,1.3611266510335085,0.2661847823939872,-0.675683391743073,-1.2263458981469275
211,0.0750013309806585,-0.8568863049559561,-0.8471320246658391,0.4888050418008021,-1.0389441197397813,-0.7684201710531345,1.5189223171803723,0.7022235932393305,-0.2245606931243296
350,0.6494036724936202,-0.8568863049559561,-0.8471320246658391,0.4888050418008021,-1.0389441197397813,1.069037751569056,0.4420097835409163,0.7022235932393305,0.2898963312924934
721,0.2760421505101951,-0.8568863049559561,-0.8471320246658391,0.4888050418008021,-1.0389441197397813,0.5028742459991931,0.7040626596293125,-0.6123313464565258,-1.1123799789406963
490,0.0864893778109176,1.3869246535711004,-0.8471320246658391,0.1936567010392244,-1.0389441197397813,0.3253047828886458,-0.8645109843855165,-0.6123313464565258,-0.8359713328658739
518,-0.6571701870011966,-0.8568863049559561,0.7219976196391196,-1.0422184147211568,0.4198726472009415,0.4488313659220692,1.622370809693364,-0.5014652672050679,-0.5693901827226033
758,-0.6614782045625439,-0.8568863049559561,1.0542084888378878,-0.0588591016123464,-0.0859398253778166,1.0896255154079588,0.071641718669317,0.8606037064556987,0.2271324917296414
355,0.9461782156086505,0.2447263103415652,-0.8471320246658391,2.175366989009814,-1.0389441197397813,-0.526513945946012,-2.240912519268854,0.7022235932393305,0.2841980353321816
727,0.7068439066449164,-0.6365637818964518,0.6693128841473619,-1.7130952781665192,1.0127786581045186,-0.0761566119699847,1.215689703420943,-0.2797331087021524,1.176022645120652
851,-0.1547596056245261,0.4302610666022003,0.4973449047974112,0.6293518707348864,-0.0340186775303282,-1.8003818334782031,0.2049143242228435,-0.2797331087021524,0.3427500909243687
55,-1.0303402415374507,-0.2765103955281567,1.8657410168429729,-0.7868916754909029,0.0447004821094121,0.4282436020831663,0.2485898035709096,-0.2797331087021524,0.1428968123163405
84,-1.3131376610089989,-0.8568863049559561,1.8887221922651936,-1.1040590194521538,1.9758322068885776,-0.3849730695535462,0.8787645770215765,-0.2797331087021524,-1.2218037781785631
332,-0.4730742365462924,-0.8568863049559561,1.0542084888378878,-0.3563498895228246,0.086572375534806,1.074184692528783,0.0607852423742262,0.8606037064556987,0.5999992491326366
359,-1.1791104479893078,-0.8568863049559561,2.20139124562874,1.800575445185589,0.8034191909775492,-0.964003927522724,-0.755946221434609,-0.2797331087021524,-1.6338979353083407
90,2.0088225474076293,-0.5553923260324239,1.0757826535199724,1.332086015405308,-0.3807179550925895,-1.169881565911765,-0.9306481388268733,0.1637312083036785,1.423715654883038
800,1.3674065993848223,-0.6017760150975827,1.2164837275335685,-0.1670801598915914,0.381350505249579,-1.169881565911765,-0.2942340111836253,-0.675683391743073,-0.2279643336130635
70,-1.338985766377082,1.6014492154974598,-0.8471320246658391,1.0275678860481254,-1.0389441197397813,-0.014393320453273,-0.3129520737613679,-0.2797331087021524,-0.3548782442166721
870,-0.2983601910027665,-0.8568863049559561,0.6488330611520495,0.2742368829614327,-0.1127378371700686,-0.2066315652990392,1.0930239999948028,0.8606037064556987,0.3910617305878794
241,0.0879253836647003,-0.8568863049559561,0.6564934529594566,-0.6318216742336298,0.5371139487920442,-0.151044602933999,1.1408174531099726,-0.675683391743073,-0.7973220211350652
254,-0.2600667015685691,-0.8568863049559561,-0.8471320246658391,0.7698986996689707,-1.0389441197397813,-0.0632892595706696,1.1158600363396494,-0.675683391743073,-1.5876508956304496
675,1.1548777330250266,0.2412475336616783,-0.8471320246658391,-1.6006578150192514,0.8704142204581795,-0.3360771304361495,0.9798421149413868,-0.675683391743073,0.3163232111084311
705,-1.5180078294819552,1.2756037998147194,-0.8471320246658391,1.0275678860481254,-1.0389441197397813,-0.1893893130839567,0.3309492789129772,-0.6123313464565258,-1.5249696400670227
913,1.3769799717433715,0.3757602319506387,-0.8471320246658391,-1.413262043107139,2.0763247511095235,-0.4750445363487516,0.3758726290995597,-0.2797331087021524,1.555909042474755
258,-0.7770288089302346,-0.8568863049559561,-0.8471320246658391,-0.0733822739355352,-1.0389441197397813,1.9568850671217952,0.8912432854067383,-0.6123313464565258,-1.6756028550178672
522,-0.4180273454846335,1.8971452332878471,-0.8471320246658391,2.175366989009814,-1.0389441197397813,-0.526513945946012,-2.240912519268854,-0.6123313464565258,-0.5725283747007459
213,-1.175281099045888,-0.8568863049559561,2.1998279003619228,1.7865207622921802,0.8034191909775492,-0.967864133242518,-0.7571940922731255,-0.2797331087021524,-1.633856643308628
849,-0.9552850022464238,-0.8568863049559561,1.7638109054464566,-0.5610797703368078,0.2272619374441294,1.0638908106093286,0.0526740819238699,-0.5014652672050679,-0.8514145407583127
161,0.6589770448521696,-0.8568863049559561,-0.8471320246658391,0.2077113839326334,-1.0389441197397813,0.9918336371731656,-0.0446598434803908,-0.6123313464565258,-0.9306951802061256
247,1.85564858967084,-0.8568863049559561,0.0752416827566233,-1.8536421071006035,-0.7207177297067878,1.6094665523402885,-1.6544132251662529,-0.2797331087021524,1.2821430843815262
589,0.1783937524529917,-0.8568863049559561,1.025755604981805,1.4023594298723503,0.6191828599058162,-1.2187775050291618,-0.5737570790112476,-0.2797331087021524,-0.717587169690416
18,0.2760421505101951,-0.8568863049559561,-0.8471320246658391,0.4888050418008021,-1.0389441197397813,0.5028742459991931,0.7040626596293125,0.7022235932393305,-0.0032768666655646
515,-1.0838553930217418,-0.3689298959904856,1.714096525961653,-2.8023332024056726,-0.0809151981667694,1.1037796030472071,0.0814998982935943,-0.2797331087021524,-0.6932661818598108
817,-1.094864771234073,2.044413446069726,-0.8471320246658391,1.0275678860481254,-1.0389441197397813,0.0345026186641251,-1.0105118724919078,-0.675683391743073,-1.731718682627022
494,0.4770829700397317,1.1144204803132924,-0.8471320246658391,0.6293518707348864,0.3009564698728227,-2.0834635862631345,0.3546588248447842,-0.2797331087021524,1.2453932046374885
92,-0.634385560787849,-0.2330256870295703,1.0584295210582957,-1.2150910143100806,0.5706114635323591,0.5324691565176172,0.0873648912346206,-0.2797331087021524,0.981124406478112
579,0.381349246454238,1.0448449467155545,-0.8471320246658391,0.3951071558447458,-0.2015062512319037,-1.324289794703546,0.005254990060256,-0.2797331087021524,1.2813172443872785
361,-0.8727625325157282,1.3463389256390863,-0.8471320246658391,2.175366989009814,-1.0389441197397813,-0.526513945946012,-1.292530681996563,2.1276446121866446,0.6656122366756438
156,0.7796015365698917,1.3347430033727967,-0.8471320246658391,-0.7808013129037594,0.9039117351984944,-0.36309857047471,-0.2218575025496879,-0.675683391743073,-0.0309425064728742
770,-0.7578820642131359,-0.7293311600267693,1.3571848015471644,1.1446902434931956,-0.7508654929730714,-0.3978404219528613,0.3421801164596225,0.1637312083036785,-0.752962615906707
535,1.9035154514635864,-0.8568863049559561,-0.8471320246658391,0.4888050418008021,-1.0389441197397813,-0.4750445363487516,-0.6561165543533153,-0.675683391743073,-0.6841819419230823
39,-0.7770288089302346,0.6853713564605737,-0.8471320246658391,0.4888050418008021,-1.0389441197397813,-0.0967443758088891,0.407069400062464,-0.675683391743073,-1.4615038365090602
