feature_0,feature_1,feature_2,feature_3,feature_4,feature_5,feature_6,feature_7,target
-0.2793839407225473,-0.9128927051156432,1.1622538475443394,-0.2756123843689811,1.513597372510838,0.2330098521962748,0.5598793200062483,0.1357983131093691,-0.5789351444958949
0.1868689438937664,1.3209375077422794,0.0795233231976675,0.8382685745267018,0.2277775707888543,-1.3831447558820746,0.0358299527329976,1.5594727947441451,0.3659289176198178
0.9085809707755184,-0.1926453879425352,-1.5035899458647182,-0.7783635380152456,-1.6357134646098814,-0.3981484562489754,-0.8980885922913221,0.9109783666016324,0.2907974944571359
0.1698326219931143,1.6731536115453591,1.3108658349509277,-0.0660290740509714,-1.43401311633859,-1.2731564486218518,1.4249445805218866,0.3707541837136046,-1.222934277186771
-0.9014600844665092,-0.2688726541129236,-0.5454604971366902,1.1608413121864556,0.7861227409239443,-1.0313738418391245,0.1495353300302536,-1.134617825813848,1.0484558938343518
0.4958200755060869,-1.2953468027602872,1.5794830646827105,-0.0864648192837673,-1.1906660222660512,-1.3485445413226598,-0.4778783441412308,-1.0755833562501127,-0.2617169311736063
0.5249175790139619,0.9713095800551584,0.6759681027682136,-0.3464894475222652,-1.2783656807092705,1.1148492529371312,-0.6873025557687051,0.0039467432715873,-1.1895876285539353
-0.6121197192371239,-0.6021656826832312,1.5636914228540408,1.504635299512507,-0.4948658481701774,-1.355811281746277,1.1611811909820735,0.1676788678615691,-1.0841504718630417
-0.2922807096512707,-1.4571540415031137,-1.1940651283987338,-0.7286642270111633,0.6686710242459942,0.714379756530211,-0.3227316286549869,-0.2475171823790045,2.4350880290064896
0.1711615600512653,-1.1253229487751504,-0.8204543584652415,-0.1254421168883575,0.48621494819727,-0.4448613138311123,-0.8926086324822783,-1.0728229801591944,1.6451360110947342
-1.5208874036915014,-1.6069222327602273,0.7008707726347909,0.217709395093774,-0.1035753792246503,1.6205063692302466,1.300255501331794,0.6616500136142953,-1.9301971227532155
-1.725343204327883,-1.406173709004251,-1.0647621166001695,0.2863975577517547,1.094712455556467,-1.323229271590293,-1.585534789473617,0.3072544635102147,-0.4648506368119041
-0.8094972812797566,0.9584918799252904,0.9011919520239932,0.5210613573655468,-1.4475634357621467,1.3044654152360693,1.493705849151601,-0.6365365559742392,-0.6340710219660043
1.3743942063785486,1.0652631719141965,-0.2022042921836364,0.955032215029458,-0.8432676996525416,0.3161383117919575,-1.3197697929326693,1.092061265432723,0.4972014850878088
0.6327929576867707,-0.7890344188222816,0.9305755836658188,1.7390660075989932,-0.1615180986406576,1.0638400948221065,-0.0421094029396809,-0.0771649473263992,-1.4207744551129389
-1.0664056737993892,-1.7197274143675885,0.0233684915490156,-0.950210249838642,-0.8511630927673508,-0.7077901801442225,1.6312129961990272,-1.3447740291618386,0.6559825812273059
1.263536674523104,1.45829158568047,-0.9445369257269408,-0.3492741561199303,0.6043214916676143,1.0725056491040277,0.9694287902875646,-1.1205764424317597,-0.9862533475606028
-0.053149696289929,-0.1090288700309462,1.0243860985718334,-0.7225974967304492,-1.1791685910672145,0.1949261051399299,0.2392929482248766,0.724784519445755,-0.6214345849115247
1.2630067305767256,-1.6608759132412094,0.8517698541226292,-0.0713024590008297,0.943921342280448,-1.3032517856582968,1.127386044303862,0.1499827801758849,0.51326242291265
-0.3581479898212261,-0.5006536878311499,0.6762078801036283,-0.8440792442908274,0.9535640171987716,0.0018432316342632,1.358615295178975,-0.0898664817989598,0.4970694627243664
-1.058018755484376,-0.4587064958823021,0.1784946808140228,0.7047263590422511,0.5594077577551134,-1.4623295477077525,1.1695016892415693,-0.813001661771162,1.122849091948118
1.0545015282253625,0.314655745410261,-0.4755826180485495,0.0371616817393499,0.6606340484500658,1.192263982040234,0.5703898894058694,1.6917844763048222,0.3190946670629064
0.4420199008214618,0.6795018167464789,-0.5402681637362458,0.5978299595724185,0.4169881298979745,-0.8241391821735022,-0.9165869015809072,1.7109149106011836,-0.4084073585691073
0.928972782803721,0.5542036592644921,-0.2731857998325447,-0.6186122389378891,0.6758649991806275,0.7169366671052229,-1.2084916345523002,-1.3207611566149258,0.7859510484816954
-0.6014567275914516,1.2526745276973068,-0.0557030747527348,0.0024862374150645,-1.0403900388119132,1.418002936979179,-1.124149535150461,1.1985387926453863,-0.0115503344338609
1.6007434889873724,-0.3185105593237501,-0.1400154972518196,1.3142813339603667,-1.6392556231115056,1.2088907887353242,0.1820732392968946,0.2364098617775604,-2.54923117174802
-1.4075208442092195,1.0422271409507124,-1.4234174732970857,-0.2842126587296992,-0.7828535017509264,-1.4218694224572692,1.1819341223581303,1.40265433482985,0.5409884849841495
-1.5494014825698583,0.5993744094843704,0.6187882083000574,0.8279572384138411,0.1114647130415003,-1.0380828767170966,-1.6928512874241255,-1.363282086956745,0.3752207122588334
-1.4226665206245934,-0.564485998881194,1.6905546944360297,1.113296657531643,0.6022001775112525,1.5859094398651945,-0.0041095052344126,-0.8962303087016259,-0.4865825042085092
-1.7253288367130697,-0.4931612569324605,0.0913877282449705,1.4721920018470316,0.7562029647207466,-1.4218433599153255,0.8088960392575322,-0.6787287713073188,1.4492258256097752
0.1582117856758927,1.2384107108282636,-0.2720405707867192,-0.0476950151790352,1.5540756393891626,-1.533979417743345,-0.8472697934586707,-1.1534370166744754,0.56853024687128
-1.7296592358177632,0.1466233234900356,-0.1804796462420385,0.3736747085422468,-1.1759060911677546,0.8167311257647419,0.7348827178725277,0.0952214677632498,-1.253765178984274
-1.1962795506569135,-0.9779046819658538,-0.3818982923907788,0.6171038528692846,-0.914581734931626,1.0836294705248994,-0.8789385954674596,0.4241329075330049,0.3273836228642103
0.4403445264141307,-0.0065120737007599,-0.9519599977076604,-0.8222708949230596,1.017581278746323,-1.7043907718243732,0.985124948712638,-0.3197681629611248,1.7731039981058236
-0.961605141528784,0.6296562109265071,1.6476017217639456,-0.1054455709014342,-0.6437459977565653,-1.2745802518586076,-0.1672634006469824,0.3229688907293848,0.2089455259958621
1.138800026758125,1.3457365588953183,1.3493033730679111,1.426055828159369,0.8123897854076981,0.4720347463739,-0.8283366996869795,1.5016168341017142,-0.0384023553469263
-1.251454507142955,-0.543183080462002,-0.1116407967228557,0.8803759394479835,0.0485141781342209,0.0801816577412367,-1.4075345655539906,-1.1785299701653924,0.8033117995870723
-1.5805229519764668,-0.5522994876237908,0.1264598015538057,-1.0471918512867753,1.4865451445968276,-0.2481807352787023,0.0084924631596758,-1.0944569484899858,1.0602667358677864
0.7153807706357957,0.2348841681294025,0.8534671916609693,-1.4940370397764506,-1.4800212571381015,-0.5950273729357042,-1.1704929812556024,0.1031151752175247,-1.10965514385724
0.2516026413589846,0.1498032849339581,-1.1155979315458002,0.2611766941496505,1.0125246520219766,-1.607282288075725,-0.4567896423112931,-1.656259506333423,1.187002855590561
-0.907661931712688,0.763938454208007,-1.6200484331974792,1.4208843948944283,-0.5053613053843434,0.2944447169794684,-0.3267031058415038,1.2185937965378972,0.4590458080542001
0.2964726582125098,-0.4554351364082163,-0.4443064030369903,1.2478341220099136,0.1206464805885281,-1.6024925842015163,1.19820003742458,1.204192386174474,1.029094017548842
-1.0600855700312866,1.1150463333220078,1.4914055007430371,-0.3216157410407509,1.3710161469740414,-1.6862377733348926,-0.801523674460409,1.5639268869755187,-1.056355439487882
1.7219714546948584,0.7953398621062994,-0.0231325647330746,0.8883035204249072,-1.2739544411967407,-0.9684682721943246,0.984054911244072,1.313586176083953,-0.4932761518474234
-1.6898212660643388,-1.0095246286666972,-0.5078329194645758,-1.691459379661251,-0.986413359175662,-1.6932650230894757,0.008395450958312,-0.113656292135463,-0.2363645780843568
1.3575647560271835,1.7490603467431125,-0.4824652501008844,-0.7183269547669124,0.3813807527630712,-0.6771990853771638,1.684912633851562,-0.6784037757680061,0.919819031452614
1.6804413114767829,-0.8368764231831086,-0.6649570078295571,1.1608960316403318,-0.7167117280582663,1.2435387481194755,-0.116029641024586,-0.1041605992656645,-1.1409134490876576
1.5205318584882197,-1.4719086277439768,-0.8230822834220713,-0.2779460022492117,-0.6278435245268397,0.6944181271363384,1.0403710828113486,-0.9134589462726422,0.429877211974788
-0.6620413120948846,-1.4113306700774444,1.4147498068375313,-0.7223231765414523,-0.8208525443943466,1.1407984556750033,1.462792519671036,0.31231130845479,-1.882704353752444
1.697979306278666,-1.22471384150836,-0.9045915781955632,1.324760887906537,1.6389980100186958,0.0960298208092783,-0.4193800713650447,0.529981071822411,2.348175962029137
-1.241936404409677,0.0233101794663026,-1.7403567695291011,1.511602020225567,0.0703613948515269,0.9371311776170927,-1.3147501653576572,-1.5833630929542002,0.8289818409727203
0.6102403669107791,-0.580454440596816,0.4072699924563277,1.077551519063849,1.709803796665479,0.4161215486702002,-0.3544416544459279,-0.2988349890257914,0.2086257511391218
-0.5168377538842753,1.4242411325083713,1.636018423639908,-0.7558885121792419,1.002343082917117,0.7744522293099342,-1.2547529628833949,-1.2179076729163385,-0.0301219354742932
0.8086800493524707,1.3699822742376335,-0.5351033419456155,-1.1167335039631472,1.2385321849422015,0.1197650215597079,-0.7954960759432392,-1.4173597509553906,1.4559900748631618
1.444799608207362,-0.7514994476435581,-1.4722657909293582,0.973995575425575,-0.5021976343647179,0.2555699170219026,-0.8491319321600285,-1.0494115800333363,0.1043133263473597
0.5077560930842642,-1.563024332398456,0.8480918694175232,0.2874444899370715,-0.5769250043366532,-1.480230462283142,0.6793681125184253,1.2995290097900525,0.021789713080803
-1.7003799156704331,-0.7786872832152432,-1.065009610065052,1.6727053235654423,1.6652085052393624,1.7193712273916255,1.13456513848313,0.90786371380704,-0.577668640305906
1.0940472275374524,0.9810413126128812,-0.1604711230057725,-1.1262383398325413,-0.1277367620528278,1.480963248912707,1.1117049572935436,-1.6572496357170994,-1.001985898725111
0.7635747130723283,-1.4969661537243983,1.1293332864850143,0.9179800156554696,0.0491183046746707,1.5285357104517647,0.8505979733105693,0.7694426326389439,-1.122306793833484
-1.1706709350541236,0.0928766602684405,1.4877599348840398,0.3461175578182596,1.1894432782244475,0.955569418582431,1.5016673157510734,0.6847788333967104,-1.423852093679578
-0.1958312208666914,0.534133155478265,-1.707360268433001,-1.0714984885010532,-1.089732193155799,0.1246590281647996,-0.3690711942281019,0.3073380246468083,-0.9484897162464804
-1.58128288827997,1.3220952087287885,0.1232820773921294,0.0698451766758466,1.194852179950613,-0.1607216339183944,-0.3005570264451113,-1.557835171243345,0.0764274716911422
0.9916547848736166,-0.0547392177570614,0.4738839043702673,-0.8549079016796256,1.382370440607575,-1.09047763125844,1.5058446590091534,-0.0150681458725781,0.1984738763272308
0.5547901932369853,0.0718336055628281,-1.3756390886098475,-1.3208707660984536,1.6269001288637135,-1.499998571827761,1.5132280032877243,0.1693617787777837,1.8864087771588285
-1.339870377260777,1.267470159297025,0.9018493995616722,0.3671936563478615,0.6873056495378812,0.3159543518582992,1.4671813684140782,1.6597283890844694,-0.7132100446709182
-1.566757008663614,0.9221373954539106,-0.565460538181714,0.303568288819564,0.3351278665764763,0.2397953663990088,-1.610474628025213,1.330318932225037,0.5526722365240407
-0.4007415907317393,-0.8100525268243824,1.1617315932563406,1.1297479834867392,-0.3612622371953193,1.0758382159693476,-1.482662764889534,-0.7130692639389439,-1.1533765498839277
0.668254231459769,1.6559668104588448,-1.0151169725966394,1.573075434011768,0.1777205667120544,1.275454630365201,0.5948361748515234,0.8983691776149741,-0.0097267945075428
0.002412532622195,-0.8553861938388935,1.4877839159482849,-0.2079529252001987,1.2110201083014462,1.4520748922850857,0.4432394536100647,1.4609196578492798,-1.7158277449240549
1.5986061405037406,-1.612175151226419,-0.5619795978878199,-0.3422976815529983,1.6057844708191482,1.6468135486471644,0.666683576736239,-0.1016107672183188,0.6360764161922821
1.5641247491130128,1.426057445104396,-1.1606913696345598,0.2120563639036788,-0.4792712309813282,0.5505391196938416,-0.84777585660837,-1.3075420298272409,-0.1379983570796287
1.1234070063277364,-0.2519387922770169,-0.224264673024662,-0.6126993014637204,0.7737444623211218,0.8769257858734584,0.6026048900386608,-1.1714719182250588,-0.4860110142996309
-1.3882899023018878,-0.1345114928090203,1.6076974529074315,1.4963309550763306,0.5783348336041532,-0.672364779514159,1.27922103900616,0.0957634065994697,-1.8727296089448384
-0.8603456847610702,0.7403260576594801,-1.5864672826369657,-0.2026503543172383,-1.0298560734022124,1.0745694520052114,-0.5229069714558917,0.1456376893690259,-0.3974620597028962
0.3151804642124821,-0.314432802761591,0.5130893028415573,-1.292884434682263,1.561643183519652,-0.0994131177103868,1.3107576720728649,0.1743981831960123,0.411935145158196
0.1667545262995607,1.114357070813434,-0.5978779076786461,0.7182960161966546,1.6818352898376745,-0.5329047089101063,1.6109075902020138,-1.1286451525781265,-0.187256583754296
0.0323230972419457,1.3859877455229468,0.4379593486369065,-0.9079069403363854,0.0592139140475167,0.995448425802112,-0.388055449461696,-0.6388618424382049,0.2034239182696466
0.4205477104713762,-0.645912924391325,1.510237852699195,1.6305860249096058,-1.623762360110846,0.2092338383812136,-0.3513470675673335,0.8366469775026609,-0.9190717193000368
-0.7347100553372301,1.095789049028096,-1.2885326467486449,1.1022620792711937,-0.2880448362067652,0.2375405841988785,-0.2472085714444779,0.0498923689076252,-0.3334483611655767
0.6035493134322227,-0.5851246813673734,-1.2666351595069714,-1.0083507928883135,-0.2466650121904302,-0.6302085960194427,0.5314533455966728,-0.6700090326042074,0.7465727229627348
-1.693999921052582,-1.0136892682695458,-0.524259260126925,1.658878874242227,0.3752858383404532,1.3774630910121626,-0.7532025311477807,0.7093319119706443,0.9197033601347588
1.6716016917230287,-1.577507353670464,0.1599985078510749,0.0233767341190029,-1.623609077201931,-0.1894881864896983,-0.5828243866739248,-1.5844940544740458,-0.8554449069875409
-0.0242126757239139,0.1367134873549038,-1.2416168032101016,1.4907143145474315,1.2506374545539445,-1.1244397515661568,0.4274399059393538,-1.3643889878138282,1.2433544010532418
-1.2434525193328096,0.5803030162927099,-0.4242824364394444,-0.1924231215601122,-1.6266497028476234,-1.7089105422284536,-0.7472985160329987,1.3204592478830488,1.0343609890384409
-0.8537488828356883,0.0687380289393749,0.9541928129771502,-1.6088162103289654,0.8822087388923965,-1.1303816826098116,-0.5377675732852805,0.4189140394098277,-0.5532977293265
0.3723544422075389,1.740884222192645,1.308268330418186,1.6145940420773863,-1.4289941486886284,-0.952276688048393,0.9536079601522546,-0.9401166816552116,-1.4459406490822422
0.9661406971242864,-0.6573210492447384,-0.5037276166197849,1.6870479374932126,-0.8276162464843724,-0.5569766530333515,-0.6726858778065626,-1.2153452123321429,-0.5408826573555515
0.6943700570214981,0.2134138512061244,1.1771923852171875,-0.312176735343612,0.9376084353007486,1.5627709399174936,-1.7108504701524214,-0.3341437025935775,0.2217726367281178
1.49576175898995,0.0003801483639279,-0.3831617169967667,0.4200659060261268,0.9684027511508168,-0.4087350060331379,-1.1809596445789796,-1.2282725208063243,1.173624210053786
1.2478281191673952,-0.6664457985983808,1.6129902736284685,0.6621032855118636,-0.8138504708396371,0.2422551118754224,0.7228768464676594,-0.4581506808467934,-1.2582941909871828
0.4674698648006798,-0.7635529164715709,-0.2585332474531605,-0.4515154537569805,1.662001032801448,1.1456407226590133,-1.0525484865878862,1.4507595463327994,0.7306430487521213
0.9678601248490368,-0.3780322646001861,-0.3963236352887878,1.3091729615294672,1.7100191646662786,0.0901558571517915,0.855872968474753,1.188029801518851,1.0542060368241812
0.581787770371811,-1.6212216592514117,-0.4688050918921432,-1.442991129724196,-0.4648127268637712,-1.7064945007877108,1.3623498400516985,-0.2894228661221875,0.5479190900029659
-1.046209515528908,-1.042909148624728,1.1562278279887055,-0.3111122751381103,-1.000349554537978,-0.9564055531752664,0.0840419794425213,-0.749322468890167,0.1897072499575061
1.2995176028198725,0.4173394077642021,0.9242885368872868,-0.043008460782114,-1.105468503301242,-0.3580688550615135,0.5033587554305574,1.5989717941390171,-1.147722540419662
-1.5833692869910725,1.0334072476799587,-0.5234673298896175,-0.745840463389881,0.8699099468512618,-1.2366040620656946,1.5832991988191043,1.4785943116785032,1.2321374320305327
-0.9017074947935922,0.0416160168112846,0.577523269401574,-0.7328385205694465,0.6253526235613286,0.4220499447130811,-0.7344526578499907,0.7027035415266424,0.8050490697276241
0.0902909367946832,0.864379320500742,-0.1177233316532265,-0.2789714247955454,-0.2236721678339317,0.9501183941323812,1.6666363173771184,-1.0607200253096565,-0.8170690788691455
-1.229197413995625,0.9867523638439336,0.8679866824408283,0.7603872655714592,-0.6719033182510206,1.6821490992114108,0.9672525813312504,1.1184018856948843,-2.256351656707206
-0.3602437827420137,1.2083079337107752,1.6769565428216435,-0.9848337618422098,1.5551765194464993,1.313328541106958,-1.1295172013769224,1.1739489056722263,0.0358277116855746
-0.1258351192278715,-1.3640424230742696,1.5740041686668842,-0.9850448877350834,1.6497251670313664,-0.848170565097017,0.8425025239225986,-0.7717231997729903,-0.9603778368874822
1.4369930199586756,0.2354880784782389,0.0075604804235302,-1.0626892013971034,0.62324531439017,-1.2067608089433408,1.3519163756142143,-1.634071491576021,0.1979713567220129
0.5652370959558674,0.6396530854090915,0.6771392890956153,-1.3856232320363653,-0.6751974782390772,1.1400643242414383,-1.0442565041926313,-0.4457164724782245,-0.1243370015852753
0.8120160105758867,0.0462540957698444,-0.1062126894924441,-0.085510172792034,1.0052022282151822,0.1105312852473195,1.437500684984904,-0.8201681963969504,-1.3563477314403325
0.1615548533426355,0.7447570927346362,-0.3789125832782296,1.1153549431354168,0.4051347625515803,-0.1908824448784862,-0.2214006369918185,0.1793733322572081,0.7188043985599497
1.152586305771944,-1.373688526138749,0.4415160513300631,-1.6395425183014614,1.0050691698282062,-0.8999410779562248,-0.2281252692036331,0.0541576103214167,-0.752593226184856
1.2385452032365976,0.6007393673464155,-1.7173749162944678,-0.6329298176033268,1.3207771773375288,1.114789133880295,0.2460093027012351,-1.1144309297561945,-0.4800912149852858
0.2354596535393706,-0.0756512789732238,1.0757051541666869,0.459897297565032,1.0993901206142764,1.473499506333812,0.3265877367506385,-0.49933093560769,-1.730389621924452
1.1183953612406703,0.1481484026249753,-1.7612584874873864,0.6218010286236147,1.049268351751573,0.6645367548087303,1.305923166762237,0.4598631572901876,0.285471909590664
-0.7457364150135392,1.3784875381927555,0.996552520765444,1.1877005563148724,-0.4146586693422691,0.9389405312642444,-0.6978906478647896,0.2808142674226211,-1.1401551171845394
1.475389917946338,-0.7660529449060538,0.9033634929030858,1.3872552866248242,-1.4430813993952838,-1.0828050379232657,-1.2837641720904187,0.8535169566804998,-0.3715294152138722
-0.6059332011307496,1.5104196351596335,0.1842513241836508,1.062831863630821,-0.2114543400458369,-1.2866658248797818,-0.8903531419481294,1.5854876689509076,0.1241563634476799
0.5012654125722947,1.0748875653118437,-1.7205079979286773,1.5898744175702637,0.690842966946195,0.4324184670980449,0.7236970238443492,0.0203930736676171,0.698898119712544
-0.2356850723604901,-0.6981347680621417,0.1589905259886728,-1.555025207673905,1.7048001573064089,-1.1868806742709566,-0.0507623869420957,0.0646135830049648,-0.0546227443193386
1.5072997273257338,1.2853551752176795,0.7066375191379666,-0.0355006903470095,0.7649606238221657,-0.0901586452511816,-1.2251241664546892,0.6960907442914286,0.0024491197107792
1.027693327305786,0.5088242322215282,-0.0961948952265296,-1.5207707183287973,-0.288988750154354,1.557982221601594,-1.4773720497230898,-0.9209834108495244,0.3245591409732181
-0.9199355882389753,-0.4417558498226259,0.4965694471309976,0.8769547390564363,1.6600867608475958,-1.708271571924926,1.571044962371526,0.6730387751488367,0.8611413885209364
-0.1577783609417366,0.3560382974346901,-0.3334361698139489,-0.8429802952588072,0.189299756147344,-1.546995248301532,0.8272898490076137,0.548743068942472,0.5084791161102716
-0.24680169381386,0.3731325800636775,0.801125488006553,1.1113687087733934,1.7109705111808176,1.448115028506873,0.4167909235687786,1.1068451520380582,-1.2894194874801783
0.1857982360818538,0.6350408406212618,-0.4190946994096469,1.5212559999722952,-0.1731046655051605,-1.700214523244143,0.9304263433919672,-0.8023693652664702,0.0785383878827124
-1.50604444186823,-0.6368846760043523,0.0370513307374539,0.5859201814614707,-1.6987738327865496,-0.8720866157971083,-0.2620921926338204,-0.9418137861550556,0.3015844044246767
-1.7389691186563638,0.1363574909735503,-1.4837862497831984,-0.2935264992370155,-0.1241719860514781,0.7240577091588581,0.6034458442015552,-0.0819585951091569,1.3753513463969709
-0.690885481397569,1.1080665145820536,1.0907429801069153,0.2943114922307299,0.7801961179022578,-0.7217457734017778,-0.257374499032299,-1.5137315349198155,-0.0707762116109717
0.4845022853413096,-0.4822187195685428,0.6169021198018904,-0.7397023086512816,0.087407388356136,-1.381544428201568,-0.3870920771553227,-1.7280252893028376,-0.1785257324100673
1.5344817072706811,1.5996412629030683,-0.9590954412479206,-0.7759008734229562,0.37972295950674,0.7733612600647024,-0.734438278994776,1.6898860017168589,0.3938626872889745
0.4240787839039552,-1.102832976391198,-0.0888080957157151,0.2799308638530918,0.0438617044057012,-1.5220909563839278,-1.7224574382551687,0.3177020337246981,-0.9598351035738596
1.103157732090492,-1.6642557212093938,-0.0793001710724451,0.5715416328679536,0.1538477240727203,1.1408881414811023,1.4650908279735804,0.2194589703434321,-1.4377643675393934
-1.3353126382816936,1.4433030408941343,-0.3559147537697775,-0.1185178037520516,-0.8628095171591623,0.1045893005454901,1.113097771479856,-0.8652870712820392,-0.3343782462662486
-0.0709493297783645,1.5878778849220971,-0.3591061116105708,0.2716305010357141,-1.7126491340321008,-0.1990370638318385,0.7681681077501591,0.5750341772169488,-1.13167104902255
-0.4870394312818474,-1.629892990509792,-0.9741834719902398,1.041782490883265,0.981185266558826,0.7716922280194256,-0.644809268007459,-0.3083452750186654,2.136202676284074
0.952885931442464,-0.6007442375327297,-1.3980951348062236,0.0216683889875521,1.432100599206869,-0.1023874122291683,0.3032407961344084,-1.5302362666147202,1.3856824757109498
1.4280003298471045,0.3953035412626065,-0.4867168485399133,0.4340791466558171,0.1054357764350001,0.9960785589328044,1.6676500926278028,-0.4784198025638871,-1.3591395112401503
-1.578439647828555,1.2045782417917046,1.6349575946174106,0.2576210418316982,0.9061202330853816,1.6518674916546057,-1.460161065709542,1.266533232281814,-0.5389857084426637
1.217740233866425,0.5928117225237829,1.4095535765141471,-1.2747034512581783,0.3963281301121402,-0.9088113984027676,-1.5038077069513358,0.1602100076970708,-1.1619712816189518
0.2407323471355809,1.3113141460252735,0.930560440067842,0.9090247988860084,0.8437909471914059,-1.2670381026409248,-1.0705997541908052,-1.7321564388771338,0.0430878414885466
-1.1839188705929042,-1.3706594895886697,-1.759868695995641,-1.602891272389201,-1.666094578258723,0.3701729258526375,-0.4160771120089321,1.6061109680386645,0.15220121400194
-0.6316667486703456,0.6504125604725168,0.333102000895887,-1.128664791713078,-0.7097230529736525,1.3319182514337085,-0.7084345480664068,-1.168993228480481,0.023748006867738
-1.5488593814109457,-0.9909630299253532,0.0939226044520615,0.1135325324622924,-1.26305393113888,-0.3445271415404077,-0.9058585057163944,1.1130159394465249,1.0908606044104652
0.8196798068373525,-0.886460980520764,0.9439231220565018,-0.4869661971141829,0.1082376446518494,-0.5491944656142406,-0.9302399434044708,0.1685232977915179,-0.169086436923619
-0.3401420086488437,0.8565742459943219,-1.6433310489461832,-1.0515920627854232,-1.6990217320521903,0.2769392522001541,1.3277508845865635,-0.8675721720243911,1.280034614362999
0.1970803393018375,0.4570130418193832,-1.43813918218072,1.1647498604945503,-0.2372855979112814,1.4956026225248964,-1.049609824542904,0.3310404263480762,-0.2154503388420363
0.952764536149304,-1.35453942409877,0.7116123243014902,-1.3780205644995938,1.1388724896865496,0.8132434977255066,0.820105302296093,-0.0387309236355968,0.6676250568098908
1.3771569881870098,-0.8713277452977953,1.3315377343768662,-1.3937221560837,0.8591673292171309,0.3011946196753117,-0.6575569916029279,0.2025397219919366,-0.6266476472693847
-0.604138376584264,-0.8611791250141909,0.8878990704755685,1.3250409358432464,1.1630867782761527,-0.4707516239847107,1.063709470866908,1.46983336081266,-0.6070651646495597
-1.085216186141253,-1.2852729404964998,-0.2728194335644821,-0.1588643700517321,0.9474806817009276,0.3716844547295228,-0.2274110424435785,-0.1016207468748646,2.3963079772437035
-0.5832319939575328,-1.545779624075936,0.6377129761723145,-0.9687010766093824,1.5449444993122663,-1.4035705613380884,0.5517687222524627,1.438245794296098,-0.1668032846602017
0.7123868249570019,1.6087481186989183,1.564012724705543,-1.3968676349343825,1.3883319327341526,0.312734620468687,-0.1089374729613152,-1.259798390485803,-0.0933286283463402
0.5345971295296945,-1.5128219758499948,0.1908533444772875,-0.5201800603573777,-1.0363852416140509,-1.693215964186994,-1.5613182908861831,1.220470528233364,0.0353050093512328
0.5321819997916668,-1.371338180144003,-0.7478661639213076,0.2613801348509329,0.7920381379023733,-1.5991880071921662,-1.303809043784231,-0.4679993502615172,-0.5432289375536724
1.6168336702965422,-1.1512800337149052,-0.4302792457265467,0.8181883589358124,-1.6833723189802907,0.5427417765780712,-1.567633334591543,0.1648027467383622,0.4333774359168254
-0.1163743255944798,-0.7919225033913859,-1.5283878095986694,-0.1807370147778049,-1.4497037724377804,-0.8993345325210559,0.0966839744801283,1.3658445007937203,1.1097583917385063
-0.3925892734626025,0.6589351633184196,-0.2230459575602084,0.963977611214006,0.2115313909616424,0.2264351160638458,-0.3360171742019252,-0.2396996412704742,0.2315843263293794
1.118634084686797,-0.5349504797164186,-0.7012235268776427,-1.1515766723110363,0.8764877465471518,1.5907623289776434,-0.7443700335139559,-0.2652878470822509,1.476156111504387
1.5388451518894448,0.7301756069747377,0.5371870305230053,-1.513726478389412,0.6507278923416195,-0.6259746265742615,0.1736458889940607,0.881492002312309,-0.1895788495397566
1.26049328214533,0.6509438870962218,0.131337527816516,-1.6881723197845826,-1.0654310736579378,0.9655947586136286,0.8599156803568287,0.8034763738943507,0.2020533516247947
-0.3567849010478652,0.5544789294089846,0.7229505270670699,-0.720804934133183,0.3856769970112725,1.4983690846976512,-1.1298748039458313,-0.3395436879075488,0.7077381550688379
-0.6904152514687563,0.0254076638638226,1.387007601326853,-0.8838238743541857,-0.7746368872077876,0.4014080720238383,-0.9128830491881218,1.5787926239822507,-0.3050448119198371
-0.0989628276942167,-0.5186127961712074,-0.6082168994340243,-0.383912916166438,-0.355416556371578,0.5937807314059647,1.158317512248574,-0.5208221072160871,0.1051424495522548
-1.7455018520716905,-1.2781465787320936,-1.4893227669672793,-1.2729876849676232,-0.3123763476252719,-1.0254438689029493,-0.6838026126919571,1.696735895813294,0.9700377587587862
0.4786686248027357,1.5246830082950673,0.9034146858138418,-0.8325387557625049,-1.4115449296049294,1.4620214752567635,-1.2876726263587814,-0.7650505047318994,-0.7963262031370751
-1.1656660316940084,-0.4468806291158091,-1.2753120858726692,1.174683776959586,1.2503054151016113,1.485842967112451,-0.6271520887689055,-0.3535504702906646,1.861172778261728
-1.0455162339061264,1.3853170421725796,0.1534437391358762,0.6700868871979694,-0.501413090532211,-0.9732173929675068,-0.4449697506254781,-0.3443111095678955,0.8683169936613369
-0.4308280613752512,-1.6396763181929292,-0.8063546473331127,-0.5449370320039556,0.3268718285513683,-0.5225320033776542,0.4051937502366707,0.4510292628829699,2.1232595527968163
-0.4046588545984853,-1.5416594465807334,-0.1042070931369879,-1.1590222994639183,0.3144202718960467,-0.3852259799639262,0.5598728011521639,-1.5757092636854657,1.0400631032029497
0.5874032310494183,-0.2692188217948325,-1.6427912529537831,1.3160515972679945,-0.1795635661849409,1.632400634433038,-1.5100882326097735,-0.5134887152051418,-0.6351561471561032
0.7530632445028781,-0.7553985459612965,-0.1982018747658626,-1.284663504047728,1.7120343386788772,0.1038713990671413,-0.0802955617850219,-1.2953086176227249,0.726218023329154
1.2379048496963856,-0.5895701377848297,-0.4466517622224797,1.4628592208458226,1.3862013003002345,0.9962783863552342,0.229491493836323,1.335843172099274,0.3169592432716855
-0.3692516251612072,1.2731629287033766,-1.556882643046921,1.4957641860987805,-1.258695293027467,0.9538881437128296,-0.8129167625883424,0.248797703703806,-1.4848086398790683
1.680138044284111,-0.4970819207036081,-1.6592117315782062,0.3096710427407469,-0.8795580127981718,0.9522430935864,1.143511688580909,1.6451524837310127,-0.1867957953559133
0.9452719244923314,-1.2875271072314427,0.3156150643602763,1.0958660313016009,-1.0961984381821506,0.6726820109581492,0.2165376513300935,-1.364816450872905,-1.8213554583337808
-1.4390935672410754,-0.1044555406806469,-1.110353072953253,1.3706685077777032,-1.0706338594955758,-0.1733272860591135,-0.8881861781120259,0.140193390494967,1.5233146514758693
-1.4786441846982363,-0.663388030297103,-0.2208871288656345,-0.9340870626573616,0.4956877437478356,1.5176055402879212,-1.1268477691049237,0.3778415057812986,1.86406019840012
0.9647146781980436,-0.8676224809139135,-0.4905380423874703,1.4742231835261923,-1.2677662226955375,-1.2714689537842572,-0.6944077989163737,-0.4332969433213409,0.9876612267799214
0.6020631273559471,-1.5559282554528806,0.3478030594186442,0.0708134363000077,1.3826963046333618,0.6238994918782151,-0.2457009792556453,-0.9124165566879656,-0.0398968636760792
0.4158828553978547,-0.2889600419629823,1.4321172044292887,-0.3056822702099228,0.2804621196131418,-0.8009939913799496,0.1096889718524555,1.628418844629827,-0.3337345234320842
1.617306696384238,-1.54701919391335,1.2094630150260992,0.9144303802530755,0.6232907368579268,1.3022229415641509,0.3409255330782699,-1.0024163928588286,-1.1440182129387395
0.4533837336657098,0.9717118578519558,-1.1038544821015166,0.7604491919777976,1.6576784547700465,-0.4669448831157392,0.5848389679592945,0.7516583924241389,1.8632399904985029
-1.2597279323529555,1.057220400406646,0.2029228142695108,1.1335331905868071,-0.9929340472035468,-0.9015567474944048,1.5170158642520315,-1.3708445298549876,-2.100263968531778
-0.4166899305266688,1.7204173422666234,-0.214116008762038,-1.0336218271116446,1.0166244846233663,-0.4531268847487378,-0.7282682220794972,0.6929344709650574,0.3583504925210746
-0.4546895639647464,-0.1181110986114831,0.3582552950885119,0.2656675486460816,-0.7576648631828999,0.282943393874389,-0.1608937106960017,0.6402188281077853,0.0071035529589581
-0.6863049089629439,1.124889343175588,-0.1242502468063986,-1.4627143787314223,-0.3209574998029433,-1.146002781804028,-0.5653407430687188,-1.395380114781913,-0.2240293265308456
-1.5363598880838183,0.5609836980402261,1.641530404642516,0.6685862840282872,-0.3454724765276096,-1.1054543943316693,-0.6525675508294598,-1.1751567314681115,-0.6025190428518488
-0.4653226378155731,1.543627438207784,-1.145944458428779,1.0926975191198247,1.6981137142134954,0.7792763839223583,0.5100684591367286,-1.4801068690793744,-0.3487384856627096
0.4707324185644119,0.1498934737900363,-1.5818195081347362,1.2827020920614909,0.5561825640485212,0.8949361412237146,-1.3528766673440693,1.1719779179859375,1.0172452759921085
-1.0456700779047412,-0.575135916116498,0.5336149399802916,-0.0203878344870698,0.338771588789691,0.8794272533182772,0.5717850780820339,-1.5304918835640675,-1.5379666478324905
-1.5049717336422548,-1.464131419708217,-0.2245859859785091,1.4603348967713603,-1.436963426371044,-0.9674742818866772,-1.429529926759069,-0.0365176241049883,2.4247584171909407
1.375487029265262,0.2976414013909782,1.1225900554709471,0.5631030923076974,0.6595721618003493,1.588972007556499,1.359457799356078,-0.7281212172310555,-1.5535866006134649
0.3777878320494289,-0.5635389160523111,0.2689382098906842,1.5775503064238046,0.0476663869063333,-1.156121399453828,-1.0634956213370026,0.8410001584314487,0.4826268611005966
0.4018598312479487,-1.2521851673896487,0.6442573752976961,0.7749127781616278,-0.4090233941229952,0.4002054280715735,1.2306005011050216,1.4707956769531434,-0.9326567066858816
1.506010952276991,-0.5469339162875531,-1.214273949033167,1.1347324586176013,-1.07658487545212,-0.5178243855599195,-1.4622490777580677,-1.563914461911307,0.3690399790893857
-0.948012515858624,-0.9137295090492896,-0.8361454907686291,0.3659729787746464,-0.1685457119951548,0.0794030524414556,1.407530995360322,-0.0541544453012682,-0.2057778038468399
-1.0628012923752288,1.650774350696912,0.7772656835689785,-0.7891783709566518,0.4997917447621438,0.0251628279212029,-0.1176323062480699,1.7060904166072843,-0.0616009229139474
0.5160550926486323,1.6829948464645024,1.2675632494487186,1.5733389104065514,-0.6875917798682775,-0.6431897896783996,-0.8741232949428105,1.6319222095720478,0.0588333672646348
-0.2355970541417422,1.341020558096308,-0.5742282706235505,0.1648062934307417,1.582959653202444,0.6192220211940813,-0.0410031742882881,1.6836848625549072,1.5831682039412427
0.2677896493399839,-1.1308977959748463,0.2723933372334816,-1.521195683843558,-0.9684137662285792,1.619543588269044,0.5715280065765335,-0.5020395371256641,0.3367681745947827
1.5975378530823234,0.5439575396135973,-0.9997985793070908,-0.1154573291261611,1.0937147712877366,1.4265641534881432,0.1975066758100604,1.3492327101865242,1.1265984511949616
-0.1184762181203562,-0.2132840149620135,0.5805924348381641,1.6437495013373782,-0.3306318237823161,1.2532516442654933,-1.137145799676777,0.7562312427891468,-0.5754425459834706
0.6503470773732785,1.0897858324953795,-1.0016975798319785,-1.2994355322263464,-1.4456529131744118,-1.4793818965792798,-1.4017224519908866,-0.7297159093961417,1.1031542385695232
0.4403062532986707,-0.6328671229996269,1.1015356802749925,-0.7620201272757926,-1.14821768404401,1.1565011371958909,0.518947534147881,0.5621899994363114,-0.938345997988653
1.6903580602610695,-1.1680888846997486,-0.5530624389905802,1.5235939220046903,-1.6181797745130682,-0.8279690398601386,1.050656295535205,-1.1686808813446206,-1.3976194397508692
-0.5693436938265289,-0.1639655757631598,-0.1406272586416432,1.1706412104768544,0.3136645871550959,0.2631383039918948,-0.9645542129265674,1.406627986396064,0.9794420379689536
1.554321283445522,0.3285475803946776,-0.5905582096281045,-1.3370534884904255,-1.1316640120849863,1.0204324165349532,-1.3273033017083595,-1.0957208396530929,-0.6335749137916544
1.5458898144725763,-0.2822319089261892,-0.1341143135686281,-0.1740476060287604,-0.9044182289494136,-1.318401130942042,-1.3669803675541194,1.4764044602570867,-0.4166738553936417
1.091637115412598,-0.5584104315834907,-0.4058243667230189,0.3729862110235016,-0.897180562871966,-0.0579033662906606,1.116948842243463,0.8941293798002038,-0.7133819013681579
-0.6332268284948066,0.7806932362525643,-0.8822267488620738,0.923326451076253,-0.0823901031705688,-1.512871277418217,1.121427723726725,-0.394317709427143,0.6079508726589871
-0.3685214629764013,-1.4732635683197934,-0.2838566073597217,1.6545015403689092,0.967298651049638,0.4630299629220955,-1.213615695708764,1.6378002957069095,1.2796332360281653
1.5098620256474942,0.6653097626953903,1.6328084027579133,0.686257097519695,-0.50482006233021,-0.31033978830719,-1.3903090707691257,1.5245246820817595,-0.6075546717057371
-0.0305320986881147,-0.117337216103627,0.7862009392878475,-0.2716049629013409,-1.2959223081046838,1.4460629866015071,-0.4511258244338508,-0.5055379023063107,-1.4185985520510878
1.4605670707838048,-1.482589850385413,-0.1292014095271864,1.7530579499046643,-1.6925220956122995,-1.5399105076456032,-0.6207908744275353,0.4868818909102029,1.7836858940354208
1.0391895521945316,-0.4475071476920364,-1.1327691729139102,-1.699532501039278,0.4299123713452192,0.6492891603122471,-0.4845497262195135,-1.3264623196194751,0.9836539686748358
1.2274402527072603,0.3317085278534441,-0.3465689555538505,0.5517752199988377,0.3894490578211743,1.062966046960638,0.7040013560608955,-0.7299662506588834,-1.15257178252884
0.3514840559819204,-0.1708494260167756,1.539942286587018,1.6609030491620496,1.3266766946476964,-1.0801928484777792,-0.9169558489346644,1.6955827499209013,-1.0881252175642566
1.1504091700472907,-0.5368991358613993,-0.9473846771060151,1.4671800557708288,-0.2272926880874083,1.281999066054959,-0.3785704618039677,1.617730722972726,0.3766320996114627
-0.7006818848297783,-1.1714456185202524,-0.3844020043166961,-0.0513518150728575,-1.6984717882631553,-0.5983631373902039,-0.0762413281306599,-1.276137456791688,-0.5487778223141736
0.3611703261205811,-0.0362736340940847,-0.6317210402636899,-0.0400440855288182,0.7769391317765,0.1048080025045978,-0.958354145097882,-1.5031984831305178,1.1448953091445746
-1.5996360794423303,-1.595049252577773,0.426678633811447,-1.3834997390833887,-0.0092127397770711,0.7729802870251182,-0.0155289138128446,-0.4501172670304788,1.4480979449014009
-1.743171314428878,-1.1829982230368348,0.5593477987635225,-0.3831461542580731,0.8344523899753887,-0.5432240300341661,1.3817402979451066,1.2011693515274,1.5292306191066771
-1.6079096151724446,0.1921384109906846,-1.5596288079732914,-0.4873705427371778,1.1744655530649226,-1.2280629947488206,1.506850079573322,1.7055614131365495,1.8606105450932744
0.5261556805904595,-1.2478592084331608,-0.7466847967439464,0.8083311053154053,-0.2404963675858693,1.661651567011813,-0.6132682157513073,0.7278108320822053,0.53452788716668
1.49294636960725,0.3834204550472019,0.944332076918288,-1.071493984155765,1.131456353781917,-1.157797943643547,-1.4695997728011745,1.2470413361939534,-1.769488386295077
-1.0902832239094296,-1.3724810160546026,-0.0210201941323731,1.4910514175244636,1.6540229330811094,1.6915340234535607,0.1767210732125222,-0.2147348052902665,-1.8413343874185408
-0.7868903035556916,-0.2086278072668482,1.2981603118389882,1.4854292160754548,-0.6963545447241447,-0.1241787744258888,0.676427669606054,1.53001106504165,-0.695684000049013
0.9519964766174251,0.2631139567756262,-0.0536809525574044,0.6112239583824062,0.4162084492138727,0.8447216935263012,-1.4687140661003757,1.547309136387638,0.0782994198173895
-0.2373452281481306,-0.2973327515956834,-0.0263484240494115,-0.221477794704041,-1.6436528576388325,-0.6588206239985771,-1.229963728549261,0.187507271081064,0.1236842317485299
1.207782924200319,-0.4530744070470142,0.3814689208681338,-1.0918788047065668,1.49478404581327,-0.3276795259815585,0.2191869883824194,-0.1043034820766688,0.3185234047787925
-1.6637059157390994,-0.55586969059036,-0.8366827554264699,1.2944909090382188,0.7815588801553436,-0.711724496060942,1.3875203119231747,-1.5735710654299797,0.0286982384974577
-0.7762193986698607,0.4583209133525995,1.5105211845323097,-0.0250353667953993,-0.3569874084441765,1.530740404388513,-1.4581723205284387,-1.6817792606633404,-1.6757446931340292
0.7876818576670833,-1.5640664407797578,-1.6654837790892407,-0.5274009596067986,-1.7008818587482892,-0.6932697962718469,-1.6952693095900395,-0.3102067425413801,2.1608737863904683
0.0765062614277177,-0.2795266204174118,1.700214622388875,0.4345439617240817,-1.290660954962783,-0.4826796938374932,-0.4929598724639291,-0.5692024049386192,-0.4886183801026973
0.2047427761659017,0.046788343270032,-1.1952594076028156,-0.8919338090233371,-0.8141048763582462,-1.6686968065551664,-0.464705246078995,0.3098434460084552,0.6275802080428499
-0.8212846714086972,-0.0621504653732721,1.628685547106376,0.983854441712814,0.150298408692831,0.0415254130040971,1.1964864472480812,-1.3237966630734317,-0.776062174034709
0.5217818802370189,0.6403815850620624,0.5466656349845327,1.052757478323822,-1.361799663265692,0.6358453127312037,1.259877741119534,-1.1007499265394816,-0.3208205738521504
1.4403319431211454,1.1437960557315192,0.321860543960784,-1.4361382966549765,-0.4007408899841176,0.9473125643805144,-1.2472674935551722,-0.05463185962068,-0.3944819204104086
0.6539145340273691,0.1928434260423865,-1.0068456148776372,0.5056334853910657,0.2515935443662263,-1.001453047179165,0.8772458395763258,0.0994668491969612,0.9670987436737616
-0.4233622729499338,-0.3537758552778877,-1.7610590893791285,-1.0110778903536453,-1.3768358344264575,1.2363049691459636,-1.1892994905335652,-1.6571517375158595,-0.0128401322247564
-1.373164782627708,-0.1833826485297592,-1.1440160922025358,1.38495351057314,0.8067250225266661,-1.055525791395747,-1.2598319527047055,-0.4494140555317432,1.6854840181107027
-1.453101770643701,-0.944354005957843,0.4014732918275351,-0.0910832134829075,0.0791992440721581,0.7164346237027286,0.6706076410767767,-0.839704957894962,-0.9443351469812664
-0.3572126691488993,-1.0642449033310035,1.5058687470453662,-1.5247297597914855,-0.8991699434511867,-0.4864081594754516,-0.5064538344604198,0.9634852335429352,-0.490281103132857
0.8550440328982936,-1.3639372582088791,-1.5444383581024264,1.532935266822868,1.422100378119067,0.8450615906857049,-1.7165648558693036,-0.2182374307534022,2.209006180979641
-1.0257160360478847,0.441861491491693,-0.8181842065617867,0.3225192261201564,0.5430891820791944,1.534118350738629,-0.8784543204607538,0.173074339042022,1.2140738894645893
-0.4259188242257689,-0.6734184732272265,-0.3445054293849607,0.3449544357681768,-1.4864685127278234,-1.5857647030265367,-0.4878848511187132,-0.0569388975067506,1.194580484002628
1.050796164573088,-0.846567709422349,-1.6365103235671026,1.6911126364379798,-0.878731784836478,-1.5043149887007965,0.1995512984537449,-1.3918164878127737,-0.3177214626827214
-1.5579506554641582,-0.2851369663058469,-1.2814061628004427,0.7901760802663913,1.1569840232673303,0.5789447279605253,-1.432284774707687,-1.5232077938377828,2.058743107029514
0.8887861884028604,1.5926633300309536,1.6419216512647328,-1.3694742088202565,1.3750590664032791,-0.0083847731322285,-1.051871998826266,-0.736070595319722,-0.4603659357631624
0.0249649664596247,-1.2294757687359268,1.366125534518435,0.3887162633967277,-1.4957830409180473,0.1037483882494277,-0.9667504841235288,1.4915081550111386,-0.3610119750301048
1.4249919723454516,-1.062529750904546,1.639584607735317,0.7385600313189999,0.0497915298271536,1.514084578476553,0.1746993599987057,-0.3911995689401499,-0.5651734444178335
1.502919594169764,0.7925157528303075,0.895043373686786,1.5443868696041616,0.9937745462536756,1.1128352097798928,-1.219198824903274,-0.976374698738987,-0.6614446829645103
0.7730874003200229,0.2397507721153892,-1.1637509537477968,1.4162644936859383,0.3907608617777066,1.1872272315499572,-0.737137766152216,-1.263257276312917,-0.2071328161327807
-0.8314588546944022,0.5426466063184772,-0.6594005175276171,-0.2497220415949059,-1.3475355306986772,1.0205900073085277,0.5663480239854539,-0.6676664401222548,-0.284355845319506
-1.1449859500525963,-0.0555775936170185,0.7671916825735057,0.7762050247766509,-0.6948032114104511,1.2571500749091251,-1.3899121132295222,1.411194104190299,0.2450465101547463
-1.7063824840991533,1.1919692184849224,0.8775871684409112,-1.335040101755615,1.2390597428100067,-1.186719042708316,-0.906494583178497,1.188463666038663,-1.1275639774582067
-0.9982630055234812,0.0147664245048479,0.0563678059792267,0.7430349593402377,-0.0873121122127359,0.0510368117538838,0.6282612748751205,1.399403386106609,0.6205722864790058
-0.8041688744941052,-1.3344337433306706,-1.2595827281969694,-0.1371112628643311,0.9278385024853836,-1.687397665957852,-0.3157775833472437,1.4949408831452495,0.0914853051160458
0.3332781991834638,0.723591254720679,1.6184522940805666,1.311352842212353,-0.8601681328396827,-0.4073073372176822,1.2360773279066222,-0.3319547341322626,-1.5803393012542624
-1.211952850096273,-0.6628949756971951,0.3099196504208845,1.4077897626576106,0.3702686681807183,-0.9482396003013632,-0.0336469475632672,-0.6684199141247611,0.8421281195623441
1.0909374015191846,-0.0431655869234052,1.3385115610873992,1.7274268905916104,-1.5888341475654577,-1.6913750507726653,-0.8675021619067191,-0.7107848695646729,-0.4222206156563408
-0.4485646055618409,1.303685145015,-1.6707613895982334,0.5679660168468084,-0.4113787018077214,0.927518983628937,-1.4707452442945743,1.3706014483398643,0.7947625928049592
0.0683221762570278,-1.4738794705694194,-1.7288203232990973,0.3901278362354584,0.8420885916160153,-0.8842234926035787,0.8375177331917573,-1.4816257811937603,1.8264436885588216
-1.7360217682576105,0.0995327764497877,-1.1522378224413643,0.6912410610459073,-1.063859317326452,0.2853933823235456,0.6621562270781747,-0.9750460314154428,0.2787488604196615
-1.3640363738162091,-0.041814120781749,-1.4641543069719882,0.9442761054044072,-0.3902976261518145,-1.0800323667331655,-0.7207208840990209,1.550813715399998,1.6692228843054349
0.3296003660915738,-0.1295597141567398,0.8929282882297698,-0.6762560361160277,0.25407829340238,-1.190564691229189,0.0751182409368341,-0.7368024036887407,0.1876154542461587
0.499576974687495,-0.9461455804051524,0.6183825619369493,-1.1759511861161698,0.5759744973578109,0.0672110993514962,-1.5862879204910143,-0.4330352118732916,-0.1329502468011502
-0.4250604918648179,-1.1538644491885257,-1.4901125877591208,-0.7669370594710061,0.5195292791800898,0.5194113993782983,1.1524617564414317,-1.0436765555088994,0.0877481996690276
-0.4459096582285584,-0.194714484482404,-1.4736048447064738,-1.1758480866573415,-0.3321749084905515,-0.8887371415954969,-1.3270295757948696,-0.0324998962742138,0.445307022202437
-1.235696107215856,1.2482710262926042,0.8860335768265559,0.9703881064540432,-1.629961826710401,0.3462392993627062,0.0545332442562566,-0.2773075829422343,-1.178337995377513
-0.884684888439081,0.5378563466999603,0.3742090977617924,-0.9692781444109754,0.6066605778301093,-1.5861184089529112,0.5363107163651342,1.7032752086940708,-1.3976316935506945
-0.855244728369923,1.4975185242045683,-0.8254885389674603,-0.1272941257215931,0.5028217177970439,1.0390147242237395,-1.1453936341495992,0.1968010221460776,1.764103714915282
1.4206559367149472,0.4093677556608729,0.3953659587003602,1.5140543859938136,-1.3870956439801485,-1.5793214513231475,-1.680610242586836,-0.0346656351589619,0.3442240996327338
-0.5416213257844351,-0.6811016984845492,1.6386496793001053,1.2171992355640164,-1.4323245782800966,-0.7122367673685519,-0.8221464156359249,-1.4660926367204037,-0.505875637815123
1.6971922925472451,1.2909144917410518,-1.4526164174371925,1.6765237849677652,0.0625122082630951,-0.2933484673962723,-0.222923553434603,0.0815524220337094,0.612318574578747
-0.9122935754919684,0.9562362044960764,0.5596383138135662,-0.4717236594851079,1.3070660762728223,0.7673966283280019,1.5553467262678324,-0.8817558113158118,-0.8745706605172845
-0.1004031976572554,1.1101952267323236,-1.4873919582252333,-1.6396495104043662,0.8072835016373919,0.8981394685428093,1.1166697297557715,-0.9278624647033074,-0.5087267138661076
-0.3282545094006894,1.419911069015998,-1.0999434036724198,-1.4389133070079707,-1.5462241454984744,-0.813665522618287,-0.8709054984241199,1.5908526448968594,1.1632835963746178
1.1682471164384274,-1.1546734864915735,-0.1738190388761704,-0.6946393703010533,1.3343625643618302,1.14391446252794,1.0142617310566011,-0.4613952943313068,-0.089611515941142
-1.1594588905343717,-0.3434793053023027,-1.6980847036487463,0.1611616663910389,-0.6868363156782749,0.0913078674984101,-0.8952865953289306,-0.0322865223435164,1.1934996457455946
1.411200940966733,-0.9298391689860522,-1.4723074247214498,0.7157380263118498,-0.6779878116413419,1.007516696799643,1.4334474527936232,-1.1451185391894327,1.1041110213298737
1.4194749187773037,1.0848849500880788,0.2799135325243924,0.7285580269481448,0.0376682290726507,-0.1631101125784352,-0.3172172057640639,0.2665930802528896,0.7833859070724539
-0.1404014934139779,-1.701621640976337,0.4892547451355071,-1.1376140916635429,0.3295333160897653,-1.4295242538415895,1.641903806967226,-0.5204596852054775,1.3888149718458471
1.3167529935497673,1.484112222535383,0.225919911023222,-1.5783280209555544,-0.172710507878301,1.6356557145139918,-0.5562982020200727,-0.0675413334045141,0.510752859883421
-1.1264256441966984,-0.2127186539704798,1.509598357652666,-0.9327961395413246,1.2722297231973088,0.14732870897566,0.746945005397397,0.6135772729690737,-0.3506690851032907
-0.6349135312138173,-0.3394721245706934,0.6522106730498065,-1.6292901835509612,1.1034366791341574,1.3764733714571866,0.8123303320870771,0.1984627309828581,0.378210184166668
0.7094961382206693,-0.9549600823125538,1.1741756561539445,-0.6417336216400489,-0.9267646384770925,-0.2158077839413069,0.309327526044697,-0.0240606486102055,-0.4772239017010959
1.5196306774790913,-0.8199601553848084,-1.2552304981068687,-0.3790661294174845,-1.1365081931085954,1.6597337800493994,-0.3425726130187789,-0.8275245012225262,0.672391860816839
-1.1871030655958474,-0.518279330363863,1.2176051414544489,-0.2570575958951424,0.8501358450861243,-0.0910096409038076,-1.504649001897496,-0.3435745442513306,0.4463301575816551
1.2771512052798484,1.3352675518525017,1.3032228699338966,-0.6809458158466123,0.637233350252832,-0.801003715555263,-0.4036731507845775,0.8182509673446188,-0.515411749701429
0.3965271694379104,-1.495151061395799,-1.705269363882432,1.0039269053810709,-1.5218464286563451,-1.5660466379427085,-1.6404990628324927,0.932865623074504,2.585691401979628
-0.3919886076953089,0.0205709985844514,-0.958439870006472,0.6666748400809223,-1.1189095507575728,-0.6647783239751724,0.7144088440191193,-1.5983736354175575,-1.1060445219043928
-0.7293497192906594,1.4458601667507862,-1.2146499854433397,0.8620039050526203,1.4816357907680613,1.4129063959515022,-0.4369879909321785,0.6364332911911685,1.6232411643667064
1.0494451667001932,-1.6460392362826364,0.5846322116453749,0.066361434840197,-0.6384104733308256,0.640243662351642,-0.8966441219577209,0.3022584324426213,0.4115816438988406
-0.7735763322488275,0.7884545364384329,1.0007552244790403,-1.595633159462408,0.683364106351928,-1.4421850643956569,0.6990709697294862,-1.3349711853763762,0.2388087949192378
0.8513911331441101,-0.7848258939654794,-0.8916640748065353,0.6821142454037104,0.2423724856677982,1.333431959489521,-0.4095921053980113,0.9277388587269012,1.0453167965812824
-0.8436877063664948,-0.8817863689741555,-1.740757342120746,1.6909967468629,0.1172325834907593,0.5749454856525528,0.6383973124726292,-0.8861966481086634,0.8934971486161996
-0.516217636576927,-0.1759217670906868,-0.9428521782473294,-1.150089682273782,-0.1788058413477204,-0.970597658525634,-0.2232327647797696,-0.0780958179465723,0.8834893602802729
-1.7214732320178951,-1.5375909640510077,-0.8604623010152361,0.4461004657023192,-1.652871997544012,0.5581478269493109,1.5623976419671288,1.7170906646602206,-0.0637348292067378
-1.350791864400961,-0.006445236325868,-1.20936149463668,0.2587817504424534,0.8496965296526456,1.2783930177095992,1.2980163354153773,-0.2343253832064567,-0.7454724786127137
0.5029997384084055,1.7434962600834405,0.9431179134151032,0.4133692458372597,1.7050462921644651,0.6760148515896661,-1.35927141036159,1.3739575796851813,0.4527414367001373
0.2810916734225301,-0.8635284615149756,-0.7906310406718935,0.922461894826844,0.4868495063575357,0.7872061313215899,-1.0592904108021874,1.3133393887356193,1.1836749815327527
-1.4674925946808133,-1.645095858629391,-1.058325343602931,-0.7425992366167545,-1.0071039604055425,-1.2710776871356702,1.6644545349654574,1.5486118336472003,0.3490410949002666
-0.431739918627387,-1.126317688593666,-0.068529401365573,-1.4477503875906277,0.9131298605100628,0.6158120989521697,-0.2923511522860157,1.1035296368574046,1.0003838198077852
-0.3656448454505741,-0.3108029619979398,-1.0719178996356598,1.0220455731344094,0.1328493219397009,1.4934271668179753,0.8768331730274704,0.2959030511879613,-0.4163648927132179
0.521088421782055,0.0658140662892956,1.4320561415342206,0.2924783349166652,-0.1675361510578702,0.4970861054924704,1.3620219186059392,0.887765787016601,-1.7165927158828058
0.0956596900531322,0.2429115642673925,-1.5456477364951071,-1.2974671889444225,1.5996537058399198,-0.0769372699373092,0.2639227949276975,-0.7308221590701501,1.8338293534194463
1.489249582315818,-0.1108334680596868,0.9049501844755627,0.9406846741264708,-0.4294470515128679,1.1209003619401037,0.936737803376532,0.8554090849927347,-1.6826740841541017
-0.4543071533184765,-0.6024700062857888,0.5159378868964732,0.1049998733291846,0.0358808422847377,-1.1151375047154657,0.1935897679181044,0.0750675855837867,0.8528802788158295
-0.4476034342348618,1.4264217503975825,-1.3158474119938484,-1.40216140844173,1.2638089777241752,1.717115503435778,0.8870053996092043,-0.8761042817059608,-1.31089687039001
0.5634487589400704,-0.7656564800195375,-0.1158467867304412,1.4685976455251175,0.1411449047497996,1.5425666660679984,0.7542693611919605,-0.8866142661626101,-0.6948441405427234
0.4852439968780231,0.4825231317078693,1.7026005162343447,-0.6695478537006938,1.5778020692816144,-1.6073440497297422,-0.9574275883772226,-0.5326389498817763,-0.3334216911306628
1.4789813795691775,0.5293844182322329,-1.3222355900289573,-1.0119401443821288,-1.1612647062040506,0.9437965960645776,-1.5259330055177576,1.4318017307362565,-0.4658895541747982
0.4835640690419974,0.4146741662136586,-1.0214163651823198,0.8455313475045464,-1.694394462886017,-1.1170583578592843,-0.2738321761403118,-1.3519379259443245,-0.515215157779774
-0.4616165226265239,1.3335378782436813,0.5432544507214951,0.1916209945890823,0.8146890180138753,-0.9844462420521514,-0.6517443503754121,-0.4989372236984881,0.7824544665358911
0.4290965628573455,-0.9258580243239652,-0.7151867457857779,0.002687957567665,1.1223284116937675,1.0487443091571196,0.6361233646770846,-1.1420455069266189,-0.7172263318916648
-1.0179937746461407,0.2814270314157749,1.3403493321820508,1.0525984471305332,-0.916907069742508,0.450560799656495,-1.470902884037524,0.3209392413813612,0.2828895066367767
0.700874298351449,-1.6060799154364862,1.4133369224691068,-0.8959213001533053,0.818396600754106,-1.0282117108573363,0.0138019774700823,1.1786728525845818,-0.321983432899345
1.7098314832984025,-1.721517324813863,-0.5985267953086709,-1.5857640833258482,0.5299520869119586,0.7379783369977475,0.9857715574769544,-0.6078344258099536,1.3356509318361638
0.8731509299867215,-0.1897277839950763,-0.4234169087600634,1.1535902060190004,-0.3597821087552131,1.6256424420967528,-1.6761589535550945,0.028788453666389,0.230964162658347
-1.195329961837876,0.6719143048286694,0.4313780453182146,0.771637229389586,0.4588247810930655,0.1004925011057253,0.0862018132132637,1.1831873172128866,0.2050807989308489
-1.3825403144139938,-0.1362206881117742,0.1454646728420472,1.1689823880082195,1.187158039575926,-1.354596964403377,-0.6938166169012868,1.1167609043464837,0.3081786179789406
1.1665953933354811,0.5668427011499394,1.4291003643425992,-0.2464915807631112,-1.1764974985350287,1.3595609718655064,-0.5685859561507928,0.1693151695214325,-1.4190097182507977
0.7476338665411243,-1.024484863248763,0.7641866331767367,0.7598440081641314,-1.18039419268569,-1.628602213930763,-0.606900218723647,-0.4016830425197554,0.0360874315419327
-0.0503024483791823,1.3245818918749734,1.601818206346852,1.0082734984880235,1.6682399780207091,1.3807360206491532,0.0428946536650457,0.2902180684272696,-1.6250347895234063
-1.5430715535636257,1.6599426635976418,-0.3882759787102807,1.3690838679833277,-1.2705458262941784,1.5347027868157372,-1.0075768250436552,-1.223325847208398,-1.2480617749461
-1.1116787022484242,0.2796233763209539,-1.3665952297565138,-0.9901573307595032,-0.1001726894233082,-1.6308342844871997,-0.3266801964116357,-0.6050732771289467,1.051741922872942
0.2081567535377533,-1.660333670770717,-1.7065362524199217,-0.8264309080385019,1.6244942488465932,1.362320973156015,1.3636064508617805,-1.6580616279003235,-0.2150138304185397
-0.8629076515224886,-1.2475154258194017,0.8143757032448423,-1.580572185874905,-1.5785800723364165,-1.4945865426347955,-1.3389668838052624,-0.4735545047763033,-1.3026669452776471
-0.0962891593588326,0.1314939043761064,-0.5478835061200169,-0.1621634303939964,1.486861304380899,0.5930496333018614,1.0341574386170744,-1.727763712372806,-0.9393469020158663
0.2383947693615102,0.4794832347777036,0.0111692431205528,0.2088426525632536,-1.7392697437407203,1.5491301558850594,-0.5033230915766259,-0.7982120359251681,-0.8893285983148859
0.2632996923467843,0.1337218686414236,-0.3206193568001623,0.5999018026994191,0.8619095053198826,-1.1288927230181975,1.6242817943631005,1.4804575782324243,1.1993348065849854
0.6460815425234608,1.6709403792358686,0.214368010329594,0.4992230902475904,-0.1068320499625524,1.59634212209606,1.6806100802258253,0.6945397807253628,-0.9162757663795356
-0.3774722438607638,0.9928842964033506,-1.106272550541515,1.2604390596218975,1.0964528230877593,1.0968323819513892,-1.3479260758629013,-1.2017597674724003,1.1779039350020448
0.8317244214794945,-0.7576902636529215,0.3040879218950121,0.9636146165929446,1.2118208185184476,0.9215471463659346,-0.8938646936419316,-1.0473662139955082,-0.1069949915855137
-0.5698270314408557,-0.5960186409944195,0.1447120004950961,1.7174651695260277,0.5459266141364215,0.8159660368496334,0.4446718426272433,-0.5818720877292228,-1.6786194042230669
0.7797709826388763,1.749148538797949,-1.55568758667872,0.9254023759186136,-0.1027334877346238,0.1807822483441012,1.4515063275584752,-0.0167949432169314,0.5359535010670939
-0.0609283395278034,1.4236582884126336,0.1481229738135871,0.3954208200921503,-0.3061203979279138,-0.0127119698230319,0.6156176440778379,-1.4403317239127982,-0.5834268260374164
-0.4185419381801109,0.8785604365183629,1.3530003427822113,0.620967491186576,0.0868689132164009,1.170994319658944,-0.6632323741253899,-0.3439217793481966,-1.3384267957893834
-0.8405049039169872,-0.4858139823906939,-1.3194230330821315,0.6836966941955628,-1.4968040815321797,0.9099323307462748,-1.2581334229499532,0.3539096117126827,0.2824091804461032
1.6529124088941545,1.191316375412327,-1.6378811300496534,-0.6657702094519741,0.4417900985438286,-0.2307494501880958,0.5545417416442534,-1.0865463213127684,0.5357790646225226
1.232686974076693,1.6931821935988531,-0.3321992242997315,-1.0898914541997085,-0.9169241403858894,-1.2209825248455632,-1.0800301725539727,1.0278764675236796,0.9862168338364316
-1.1376901857705757,0.5958629235676439,0.514923732130497,-1.1298460423627177,-0.4986964652567942,0.8775862851507092,0.3336786670011439,0.859670736070014,0.6210306848173606
0.0736467170490931,0.5315133744359883,0.3861613045907963,1.319086525026902,0.5882156042984754,-0.5737259098729841,-0.4292533980436544,0.2229550287908138,0.7574275030475743
0.7328558794928425,-0.0481672512173705,-1.5684094302371596,0.8598038938389382,-0.4860251406092591,-0.1818983472005183,-1.7192376959739604,0.6871696244631966,1.1731401280544969
1.0489495392491952,1.7258578491161216,0.1992964887736323,-0.2297095246454285,-0.5603874215692918,1.6578325285652775,0.1101275049504854,0.728113599100966,0.1481390224536747
-1.282213691616043,1.1599342033659952,-0.1202755541634545,1.1468023244966588,1.4815647733627797,0.4751903069669626,-0.6608219811074263,-1.5159876083488348,0.4984691653390817
-1.1729027782351806,0.8963503936065778,-0.7494990745541787,-0.5874911390031462,0.1152529292083489,-0.5126545080434218,-1.3462321631717495,0.2307003658370544,0.6125643713870069
0.8685278957243178,1.6684863105099628,-0.6173381860383037,1.2200437574183782,0.2684225962390216,-0.8189590110480017,0.0127079807393297,-0.8994320544732176,1.018074475071925
0.2478726096172771,1.192719682951551,-1.045969910721933,1.62244383690382,-0.6334199126429764,-0.4224615445890841,1.660943038236698,0.553000570107275,-1.0857337159129106
0.194146627085145,0.1986423809014294,-1.7425750179717483,-1.601778977148918,0.5114344528704803,0.632899938873461,-1.1772889690860702,-0.3532603296013537,1.399996659030049
0.4830766863915,0.4506617384568977,0.7257367714572939,0.1350254864607672,1.394814366200093,-1.5372249707606476,1.4676427449839244,-0.9642705850043162,-0.415422905562564
-1.171747511484087,0.8999290496984031,-0.298441824019363,-0.4771544318202705,0.2965244150873928,0.4812034062711594,0.9973875948117752,1.0635073290844514,1.0246650466299558
0.4377187674429418,-0.6837641999800556,1.581310177526586,-0.8279363825741999,0.6944530661673748,-0.2486523030281594,-0.2659999323566258,0.9223021312357116,-0.1451088994748268
1.471759111162933,0.4721003284271151,0.0154967738247159,1.4347438760830935,-1.344013442333328,-0.0279729887187454,-0.988931858026686,1.576073989830125,0.4245257916975389
1.1367636936586412,-0.878083234511598,-0.3802340176345319,0.5197857601453313,-0.5079668170921179,-1.3878332757699146,-1.5708809991145287,-0.2688931166571711,0.2746423958546904
-0.3127778252440425,-1.3307021655437603,-1.1500986226919687,-1.532073066014355,0.2653299426246774,1.2499207857012418,-0.6050851630780112,1.1879598269308171,1.939396787350588
0.5900549069873279,-1.391767564580044,-1.1701534538073852,1.633074091784955,-0.9556050493679384,0.442174541648635,0.993497366951628,0.3592963195141295,-0.8469143274986607
1.6144049907925444,0.6508227811009197,-1.5352533884497634,1.4168731920011135,-1.4588370077486834,-1.2544410248574922,-0.2184336459637413,1.3551053881907649,1.0450753246435496
0.9020814154983988,0.9011082828583006,-1.5449406281702214,0.8220027275009346,1.4720966314372186,-0.6714395373738732,0.8038643083800803,0.198008161048669,1.582017181381805
1.6396364012464313,1.502699779692868,0.320769605379846,-0.4471030193559323,1.6302570245689516,0.3856994771530979,1.7095579697034635,-0.7233760130542596,-0.5861384439826498
0.5844721934194834,1.639420649770672,0.3926943904270736,-1.2411237239591455,1.673599366059031,-1.1511835333138658,-0.1497800208739822,-0.8252399081822325,0.6296812225571617
-1.272632260857473,0.0056098382631431,1.2470553316518982,-0.8246631360230835,-1.734081392962634,-0.7315558236957457,-0.930378840067802,-1.5887179148589865,-0.6985327998523518
0.806869376221645,1.6262499706479934,-0.4251629189769448,-0.8265014983583706,1.10328251402145,-1.027903691033898,-0.1903484218409308,-0.1060802582738601,0.8619558299285176
-0.4831276713167761,-1.6396555736466971,1.2173477891075992,-1.0399559486748997,-1.01919170724446,0.6877608888228164,-0.964697616723414,1.2653413465149737,-0.4972503664241876
0.7303582354377416,1.454260598640725,0.4586703394180332,0.619408843132792,-0.523695683643063,-0.6392118792324882,1.6082337607265853,0.2542656659085817,-0.71586513579962
-1.5624942478686563,-1.6321515945808271,-0.4284548307523981,0.295913493217687,-1.7293984346820708,1.6475280784210324,-0.5661677910757673,0.2888934185721868,-0.954599240802083
-1.0973121373763235,1.2090881283292227,1.2875116090798255,0.384786027500206,-1.4694676737215693,-0.8236003007915553,0.13047067193195,1.635025152108296,-0.0866696176090994
0.1193348877813449,0.9650873920796216,-0.6376646360133267,1.3689762085700097,-0.8549066363396659,-0.902999133980605,-0.8371374934840772,0.0941096123962979,1.0770342968367308
-1.5370304136151385,1.192829839820045,-1.057354643413554,0.1663853389394871,-0.4971028633539013,-1.2094358332063364,0.5184156484210416,1.2907340649603067,0.8165731804326399
-1.3645512870270908,-0.5869837920700093,0.5730043931196606,0.7742282288961603,-1.674373619747716,-0.0228069417388746,-1.1565141616229515,1.0798766146998058,0.789554955503988
0.4440893678511072,-1.2925786815724414,1.4099907868428334,-1.1604143089857042,1.670608584927605,-1.0204067679919404,-1.2342507820329085,0.7622249746232861,-0.2542932909147614
1.006413441953969,-0.909786902651165,-0.6916936961983255,-0.257314065530588,0.9188585280283008,1.1834029367924417,0.3129709608623602,-0.2988719409060339,0.7750118196092058
-0.9810892297571124,-1.2548497877131393,0.5549190180076957,0.9519959192842036,-0.6345138122628066,-1.2588920251929152,-0.3359549757594141,1.156842105558198,0.7207033960957183
-0.6085974321536037,1.054432766033334,-1.3329906532489837,-1.6198819964730689,-1.4625134817776877,0.3048489494271538,-0.173851169902052,-1.1866322327956114,-0.2991983077796792
0.7206213139308588,0.7462109748119732,0.2687142311915753,-0.2060046679617096,1.0687547227498466,1.5935388657464438,1.3768542354242672,0.0421430386743262,-2.128326384130369
-0.0700883769855119,0.5294115858224586,-0.410521957445279,0.583595094032688,-1.7129380557740843,-0.7933468911530294,1.63168426647659,0.543304376865057,-2.258902609506124
-1.022340630195801,0.8025719434031071,-1.027517392177786,0.0685376453158108,-1.3354659903405233,0.963461430049084,-1.072626161419283,1.6444958925256297,0.4708422717900071
1.0582192811824105,0.9631290292619388,1.1509316765643012,0.7197774898011604,-1.488904828775779,0.8615064961689373,-0.81738835570692,1.6056505043457987,-0.8127641634469424
-1.138589156377425,0.6331312552205747,-0.2963009811229727,0.2483987007038619,-1.5752924296288755,-0.9339949537424896,1.4792662025995325,-1.6121634855407676,-1.1419916317224377
-0.9182515822107448,-1.3018164387830171,1.2971483331325453,0.36916068725264,1.594943619792743,-0.2557920487883659,-1.010016525422477,-1.411674150122628,-0.0820428407698141
-0.7464272762458253,1.6055064228166105,0.8731022764356894,-0.8926176798565512,0.214497007229893,-1.3683699227556672,-0.1304807170076689,1.3404951577633677,-1.0583245454511336
0.5477373853214558,0.0011540812355486,1.6917195524270334,1.5270837330285476,-0.5615536067623548,-1.1537873783656714,-1.0306580536496457,-1.7252009206785726,-1.6477563693963009
-0.7837079321346285,0.3303773492124023,-1.0726992715432928,-0.1807753962484,-0.2649263880853356,-1.027540282833506,0.5733998630974706,-0.2694285326256421,1.1381485111231366
0.8849271244281192,-0.537157799275566,-1.652043835884803,-0.1625493137622281,1.3595817933463554,1.4339603305696471,-0.0324466418437999,-1.4657021476155714,-0.2560325338032725
0.5537719161671294,0.2136253901109897,1.522156108558541,1.2086697850818118,-1.2215191149437823,0.0088077441416098,1.0648884930224756,-0.6112056447360025,-0.8532633512440368
-0.1820374154331126,0.4417092464903626,1.0993517380770288,-0.6673157114906197,0.79402366986755,-1.1836174907105748,0.7732024109916174,0.8604283599849966,0.2773993111280702
0.2720739062971041,0.5298461119593076,-0.4869786973363089,-1.0328047166326093,0.5684026414562864,1.5698159297216348,1.7005672277112176,-0.5561388446837945,-1.89426939897762
0.0863656403260555,-0.5909292827365938,-1.6254567183019173,0.1910650582839051,1.3870354239858695,0.2612116579553499,0.0544976093196635,1.1908273502300373,2.200622760901047
0.3478614166349358,-1.341776314296179,-0.7620368079328161,-0.3425978044113027,0.086921203640681,0.1792219124296354,-0.1008539696757617,-1.624348886789771,1.297474465074059
0.0250237576342391,1.7062082155649192,-0.3829162663632829,1.2927354377780822,-0.084297502756879,-0.3487095553353916,0.0437010029362503,1.269460134647851,0.6922990881007635
-0.0988394275661897,0.9208998889777796,-0.7816308584420506,-1.3494988276952695,-0.5298760284754195,-0.0547710593983613,0.1522074885683789,-0.411034009399338,0.6744261433376753
-0.2636341613643359,-1.067531261001082,-0.7349181656042261,0.3849094131955934,1.1460604656353954,-0.2147930640572314,-0.8619458996251638,-0.1897222342795783,2.389719757808239
0.1481420770539024,0.78901189913166,1.5651490496710334,-0.068823869045531,0.1405238222524615,-0.4138518057593836,1.0274496916664293,-1.2479907857901744,-1.634596319508421
-0.4544329694161944,1.0801008250867097,1.617747295201147,-1.431486253328254,-0.1338041958273152,0.3072969339077493,-1.4829660619960878,-0.7349529002753996,0.0465376844826956
-1.377677650440529,-0.764738284248616,-0.7833557964089612,0.2183123656612366,-0.5689663241272929,-1.7080315337234977,-1.329275667306688,0.0546328536626793,1.4264603141573216
0.9173938336096856,-1.1384914092297829,-1.2537331248963588,-0.0978243521351777,-0.4944238089324899,1.400117900843208,-1.2835119924737337,-0.797259277827782,0.8709887013978509
-1.4090589526350277,1.0193870738424091,0.5028001051015207,1.7082262568562656,1.0466808259736144,-0.2669190568477694,0.1142880948634989,-1.313008877294888,-0.89873670920859
1.1774240435799492,1.3607801266491997,-0.0613817430258301,-1.338544259953354,0.724999725357845,-1.5530873127275582,-1.621355727771826,1.4009062945691575,-0.4048141878482097
0.3866481411685138,1.0855395680951112,1.3093993262582886,-1.1429502393821238,0.8338323220124119,1.7295070375585897,-1.623584780120355,-0.7592015010953765,0.2706786140796348
1.2050676660408557,0.9456592370661316,1.4703284767641844,-1.436346831159079,-0.9665732134291224,-1.6888811502255283,-0.2975408746826917,-0.03504720636677,-1.0053550866776857
-1.6226745497952693,0.6710911457035073,0.9924646708062982,1.3155207518343506,-1.1836646324192808,0.2840654520089389,-1.544972126857144,0.9805439564794436,0.0469931616365719
0.944235798424073,-1.1946619828225318,-1.1334142746444409,-0.3020531136499643,-0.9732981095798334,-0.9373557513780324,-1.7159519956413092,-1.2587477783351824,0.4321202643421831
1.6935082150689171,-0.8509776893377466,0.7910866703409839,-0.5473330878951744,-0.9876522269336646,1.350330013732484,1.711340705903892,-0.5130428755389551,-0.9890794986998684
1.1829709375788635,1.2782198278476862,0.2262798934431639,0.9968745242546452,1.483280659738835,-1.3625013610527772,-1.228978645050954,-0.9469705269981,0.491324517166661
-0.2854119398294866,-0.8710272488976175,-0.2083395366050298,-1.1206522843642437,0.8749792442275751,0.3878992432983023,1.244587675424189,-1.7076705204559108,-0.5544369153981811
0.7587418784776179,1.6491832329075773,-1.0581909608244036,-0.4073029469190832,1.4137760134102442,-0.7160419751468208,-0.6115080042254467,-1.205431667423971,1.6897072162424305
0.996414797765247,-0.4813682708264123,1.3201088698656278,-1.3468653983682606,-1.5843664470102197,-0.26299597629577,-1.5248932867668386,1.3749287254266782,-0.6999879290972366
0.8947782905767896,-0.8180339632537955,-1.4533213052931666,-0.7060066139242873,1.6332017105522294,-0.9855776629906348,-1.7315512946678375,0.8057461000939375,-0.9871136174207812
-1.4829283863952996,0.3275064593206563,1.190698387371744,0.5355624797601155,0.957037716686112,1.1354663662115276,-1.0167611759029047,-1.3245141785258094,-2.124590644431938
-1.3633830894226653,0.6794966139699107,1.7099363904009073,-1.0070988073348826,-0.5005585217736889,-0.3295669029948222,1.2486167229966072,1.318343785850173,-0.3072668089965106
0.5040763258903801,-1.6430769816407478,-1.3593509499325536,-0.9780399968663922,0.322716747937485,-1.072426046718933,-1.3974873954377935,-1.6986071557553477,1.0501438073384557
-0.3098915593122678,0.6441652904547179,-1.3065354315194442,1.3200696957022446,-0.2800436778848047,1.3154957838279726,-1.651553302464145,1.645916906438776,0.5536565618809021
-1.6547955631124192,-1.2083998644312222,-0.7471170110175812,-1.445152659370721,1.2044806624154276,0.1299131161634589,1.1150607930208964,-0.399807624227439,2.3699437182636203
0.5511049663494721,-1.396241730562018,-0.8182425604847824,-0.8618222607689356,-1.503672038055362,-0.648113923705926,0.9959739928462494,-1.5261894397301048,0.4604531740359885
-1.1305740166737202,-0.7811904066916506,-0.2817974111052095,0.0146390207947648,0.1719365629609434,-1.48278667201669,-1.42449886645514,1.2661875534021263,-1.200482849971944
-0.4252734641243949,-0.4169077771991063,0.3383668659133276,1.5387175115526253,1.2863401317535126,-0.296872966266904,0.5747925343746717,0.7224806337272464,0.2797937719013554
-0.0093836941645601,-1.3147178825382888,-0.130250064828876,-0.1973574371915878,-0.2566608443143653,0.9125075179525908,0.561547838847594,-0.2437081697606925,0.0396714213973268
1.294432461857031,0.7765311703046496,-0.6430288115028368,1.2223894647389266,0.7496535278767797,1.0215759379393388,1.5369942282439717,-1.5953532496507876,-1.31855860615258
0.6126702400320074,1.15456347362655,0.4288060095638887,-0.2102775121461716,0.6833186066913393,-1.497018900540873,1.7172399940249872,-0.0878725316315348,1.1656945220058728
0.4671308001431001,0.311825490423781,-0.1349372504338166,-0.6336128542985244,-1.4851847959345292,-1.5112286802369113,-0.5468778422597503,-0.2049526117341748,0.0086830791376722
-0.0396432365214071,1.506536189544961,0.7630260273836986,-0.7999394965316415,0.7951619443381337,-0.4359196718149572,-1.2165274138897315,-0.6256581564152924,0.2922515235156586
-0.7146334577260173,-1.4861866440885156,0.2190832648820455,1.6556246237942045,-1.5532351293114866,1.6460668239685432,1.529689923697047,0.6075294046437193,0.1437803117121147
0.5057836627146648,-1.252972461745844,-0.1638203783908668,0.0741206611851766,-0.9086586407251088,0.6338747764979743,0.801726750841912,-1.385782117739969,-0.2664406761625923
0.5049852875155304,0.1026422619032226,0.5161242730569094,0.7936358511998173,0.9824469944225966,1.6357146289995614,1.2715663872759853,0.488943580672905,-1.95631763354792
1.5777239175739184,0.3308842372075783,-1.491602744445668,1.520378264342227,-0.9239170610762536,-1.09591298533138,-1.238766270234722,-1.658759166380408,-0.1681980554050179
-1.5425902384673844,1.2194940142661246,-0.3090377129254639,-0.9494662877027256,0.2041592880537932,-1.706146708211189,-0.5253858619102794,0.2832636097808297,-1.0980961306883252
-0.6826738258792537,-0.4218063189116182,-0.5770580473067857,-0.9161436751058712,0.1634346547389168,0.4817160279995013,-0.9224426683810584,0.7305270601680549,0.7744909003355195
0.0310914301464822,1.0281622276720117,0.987167808831842,-0.9757794717200796,-1.418108525819763,-0.0813126932813558,-0.8626573671400664,-0.808975220227887,-1.2347493682158113
-0.7033427781451912,-1.0043363954673925,1.3035296277140287,0.2999608420917127,0.2074354180018443,-0.645213907431683,-1.2364128869592224,-0.9092309359752252,0.3629519650740335
1.5531392708268528,0.3916670444948166,0.3042316417453127,0.1317075745993321,1.3484825668842757,-1.1158609045141128,0.8217229784727846,1.1624213096987457,0.1639466897904864
0.2974277288291991,0.4627545331760295,0.9528928616575671,1.207227059968628,0.2650053136841998,0.6582073569913012,1.6264606086624462,-1.505330059185244,-0.7544517444499943
-1.6881607013522766,0.3795083442413725,1.4218085664839313,-1.0444376165313096,-0.1136962626333915,-0.2113415950572806,-0.2264562007118586,-0.8463818801075381,0.2110144454183717
1.6508734233119355,-0.8067768298542664,0.6822015918365989,-0.2096844622601842,1.5315186808989,-0.3678716779278835,0.2686771062407785,0.5836132824499142,-0.3506827046517035
-0.5086522695289428,0.6231048058929345,0.4060161158666596,-0.1278646761248178,-0.5398877071849741,-1.5010838905386892,-0.8985529259804749,1.4142502498411744,-0.6533330468547953
-1.227530439116954,0.6180453109070109,-0.252044126901332,1.3155751376330205,1.4559722618986308,-0.6575319408059556,-1.1266669341138829,-1.0536433208371816,1.357485837376191
1.0100563175338173,-0.6060644149207421,-0.232490588847389,-1.377631633747142,0.820840459644486,-0.3501287702506876,0.1034127334673615,0.8325055524801848,0.8212224162486947
1.0268203399777256,-0.1613693902555545,-0.8031488453420497,-1.402878322262234,0.9495299308350044,0.2100489936584083,-1.0239909038796642,-1.6238053144773636,1.2378527104939248
-0.4238740584415908,-0.1611828002728687,1.1289550296059303,-0.7415157358207982,-0.4661431894305109,-1.1497137373560335,1.306543062515719,0.874469743367085,0.1109891433797166
0.2745360954996507,1.6533208269469424,-0.0403334374816451,0.0421291860542224,1.3409843860269566,-0.4166045029677591,0.7941069689349337,-1.0893327557636785,0.7005222603451112
-1.288797706364241,0.7300534027387527,1.6592352024853845,1.0251071043351208,0.0551779430758983,-1.2960579765495297,1.363187177514772,1.3022277773398971,-1.6295875124392891
0.359010519949795,0.1661294314053291,-0.7957226425001652,-0.8314281176764148,-1.2295001921019202,0.4367621291829937,0.0641112932280672,-0.2801234530755238,-0.3436084304689912
1.7004163853113234,-0.506188443699251,1.2045347953003402,1.3052237072861712,-0.3782810069936523,-0.1675763014624615,0.5817288149805594,0.9577979661229812,-0.8067579046595266
0.4039437764125211,-0.8595288797214246,1.6990814060798607,0.6959562764250724,1.6701844654544489,1.4218321595282382,-1.6610170736153254,0.1367409392395918,-0.5035680917644374
-1.054321835568807,-1.6242356088587773,0.5403585706787629,0.4719849361447589,0.8058486743620212,-1.022881559658535,1.3511028929797462,1.4078594949974532,1.3713519792837232
0.4867577245666945,1.3015302636751247,0.0619419179224489,1.3477417239138518,-1.3427461565856658,0.0216402005162931,0.9179444967018664,-1.6066988454733733,-0.8110762499428383
-0.2689400552027761,-0.3640653277024054,0.5743772646382992,-0.1435989547973271,-0.5548315116086842,1.6725672823204614,-0.6160095752784054,-1.5889156979216936,-1.1484404689270715
0.0151244666071513,-1.2627870726484327,-1.446139642692512,-0.6528217626829921,-1.7267013171380117,0.021413933849633,-1.4085746140951672,0.0004120383227886,0.9371009864519938
1.7141919438740894,1.414178474518217,1.276131483861196,-0.7760345356987058,-0.6084523102351148,1.535819752899025,-1.260125026313286,-1.1061721624480072,-0.3578343712543645
-1.6109244933608202,0.4057445709013603,-1.4470210578269551,0.944843552814211,0.3691166754411642,-1.3975388349818558,0.956962597641673,0.4654910456433243,1.6450138524710889
-1.3253240514233406,0.9779803272429364,1.3089162632465792,-1.5001944241767884,-0.5981164326594315,-0.9948787709739468,0.9179419902959118,-1.3174229052116615,-0.4436743635281193
1.405945046427843,0.4321988482569291,0.8789806681157382,1.5320678745042031,-1.3274176451432214,1.1767160331738251,-0.1851466291208408,-0.907889995506272,-1.3366257907147563
1.2292931224175914,-1.5844457942513568,1.6995629147633329,1.036570284952082,-0.6983758059429102,1.1864710893141628,1.2080861599651698,1.6809149063468891,-1.0098301136739336
1.496723394501408,-1.579215395265834,-0.789904592062788,-0.9268776522688869,-1.450162628685259,-1.191035021555436,-0.346949281508321,0.9751795875685616,0.7927572565666824
-1.2804401753475263,-0.303113346976644,0.6151985094388751,-1.4445983468542156,-0.8204197021311941,-0.3944789817511218,-1.7084923598832351,0.3296437379857226,-1.5714224804773915
-1.4435369179022233,1.001764393231538,-0.5837307895352555,-0.1977795443934121,-1.724552268699929,1.3163607755036482,1.4691949577945584,-0.1352935826036359,1.3099031565934207
1.5315234153806467,1.526242177264537,-0.560545974339761,-0.6268496966269891,-1.5068168740240218,-1.488663227692529,0.330999220098334,0.246461291942563,-0.370990361833943
-0.2078880811374589,1.1770142865194868,-0.2946308998405219,-0.9782856671949852,-0.0207723311764175,1.4475225984568152,0.6476290871708663,-0.8767116368486912,-0.3641396910449464
-1.0865727652799022,-1.166330923073339,-0.9364708170517788,-0.9455032423775585,1.177570028210084,1.6933487648194672,1.2646573913173778,0.4742718962224519,-0.1732441929355371
-1.6752872079595509,-0.8867479208591795,-0.1779242862092385,-0.586227253080681,-1.3135111359385168,-1.328865679558225,0.0823936129844932,0.4975442301323438,0.2886768283381505
-0.8472693759072389,-0.1790858539647387,-1.1916543653014546,-0.6634907104462482,1.1869329673334112,-1.0078713204547505,0.2782295579921248,1.1635265550056384,1.3064220151941446
-1.5213810970405053,-1.6668533377578891,-1.3607189808289648,-0.621882571566868,0.0372750010680374,-1.7029797808456315,-1.579445102444022,0.0951098616064363,1.0512084842372051
-1.0207154098161793,-1.160788468427118,0.8626402040885434,-1.7004821949755615,0.9558661500499158,-1.152317253888403,1.4870424370045348,0.018446348621214,0.764520632148284
1.5829669917795908,0.2712822605212306,1.5237950366621629,-1.3984063415286545,1.236589351640573,-1.465200150541802,0.6414378137490401,1.1100391498347604,-0.5174140130053844
1.3975662955492505,0.4268660355543936,1.4787205169685296,0.6057576406459042,-0.0052964193599452,0.9749007286845974,-0.7140244929262326,-1.541544115892972,-1.2156924711773458
-1.6347343941091133,1.6685485441486587,-1.349298665123036,-0.602585756157311,1.104810821816164,-1.6321861419674142,1.502536203148754,-0.0845310342461981,1.9859194954797432
-0.1330193134548618,0.7063934157606349,-1.0911502024521678,0.9144911499880312,-1.1990386876325034,1.0673517376321322,1.098662851921474,-1.6549570298138856,1.154950253744225
0.2289743000968934,1.3057364145571175,1.083916248359429,-0.5628610564316249,-0.9115895422741316,0.0753201833208531,1.1354320471392674,0.5501657273688072,-0.7924871976704572
0.484833558330856,-0.3838887384283268,0.625440744261432,0.2299692331256086,-0.8863324446918215,-1.329292535812407,-1.262868001812644,0.4208118517777152,-0.1906091171615974
-1.515968927060493,0.494467785961556,1.1711289507603946,-0.2751475248133557,1.0247341870944238,0.6334132285913232,1.005459541147415,-0.6127789692666357,-1.4409238751463511
1.5750827078907994,-0.1327860790428487,-0.357219789963168,-1.589546065092253,-0.6621615828743673,-1.4447575905945391,1.0268007633773035,1.5887964515607884,-1.3108690242938124
1.6916362253788733,1.6250409074962149,-1.3457596817717934,-0.6626564389677552,-0.5782225165917498,0.1124934343793411,0.138200109099453,-0.2805662244553583,-0.1503195717726588
-0.2269248060485505,0.5748119681851189,0.580783928077097,1.1010721313425031,-0.7259331506657586,0.1801780791995212,-0.3294053632371044,-1.5958314829156937,-2.012631317424763
0.0896156865284921,0.0231045932478053,1.267857794649837,-1.3691461145338015,0.4291209022129426,-0.4093734069029762,-0.3725816466210468,1.0148612051864,-0.2840841372255476
-0.3519683460659393,1.579836655388839,0.6021375558682625,0.3194112167491708,-1.006853293225503,-1.5576379639586473,-0.8733536194475092,-0.0902824233324139,0.4757901512971592
-1.2819086561015476,-0.2047687559073437,0.135472329590797,-1.2470722402001742,1.528988299871589,-0.0492122258199784,-0.1892383148561132,-0.162327756988424,1.508381708171785
-1.5345721147206024,1.1174706718960945,-1.332372918797788,0.4060413767286144,0.1999460702099962,-1.5923369533618978,-1.0310996428040593,-0.3792024810067667,1.0284688081955289
-0.1410659955990876,-0.6653144442949205,-0.5481172659846812,1.38924097997749,-0.9216049041845192,-1.3127370178349853,0.5892210999740977,0.0511742890123022,0.983871312387526
-1.552235549851816,-1.1660915287911535,-1.4047992855674476,0.8648629186647873,-1.4885556966249698,-0.1624233098449877,-1.713615651529099,0.915871985334468,2.734146755924574
0.022988626993595,-1.0188273706643465,-0.7631281128911245,-0.8742094216275953,-0.3351541327522985,0.7208937603695231,0.1311287903762434,-0.8016259018241133,0.9969535146059274
-1.6390978387278772,0.425453853342985,-0.4787637839370386,-0.4720114148570891,0.6569676315442938,0.1564519455855324,-1.726694583479891,0.4326337714639874,1.1146284235761807
-0.4205209555485016,0.8479749327007217,0.3057833831371219,-0.8870323250641874,1.5591727923502183,0.8987763144206494,-0.7835778847747564,-1.5989933630387083,0.2511676815108021
-1.327112819467582,-0.3705970420570679,-0.3638209331715846,1.731021135695122,-0.6952615273081069,0.540683974631923,0.140410528298449,-0.6297244084221381,-0.7323438030048822
1.138167188585661,0.001940060587193,-0.4651925777128945,1.419202216561334,-1.7031127315881094,-1.0695438690500791,0.3375090379296062,0.6284619053219754,0.4053734440078029
-1.7415391533861009,-0.0027564143799431,-1.229931141469241,-1.5493747567507403,0.9193603255453704,1.0082335700121563,0.0190754599962862,-0.2352659785284463,2.491153146640437
-0.1171492152694003,-0.679362917243399,0.5212040952976053,-1.1518476003387663,-0.0411264135642091,-0.7976415271874402,-1.1868026484961762,-1.2238703024809066,-0.2160250913725403
1.2064864127436004,-0.6659692841687574,1.0182061228042167,-1.5987973230046584,-0.2945161208222803,-1.1727513818368025,0.9577994843913952,-1.6254882364305794,-0.6935416716399342
0.4540617414087439,0.3944374841907709,0.2389142283217987,0.3811060552522878,-0.6212520947823585,1.05980901898076,-0.4768903804746777,-0.5327563946122601,-0.8510787605036721
-1.547511699141469,-1.2673649613615672,0.1998460881362767,-0.188402131447405,-0.0583112119107465,0.2606832782447155,0.6114804362940609,1.0942089555092989,1.2282602235409306
0.2206746926718987,1.5223160222899752,0.7151914093212752,0.9215238565791096,0.4090608120334309,-0.5558663996972112,-0.693451275254342,0.4545213038618905,0.8678536255156221
-1.049160712027627,1.3593662804367563,-0.8274817650906101,-1.0304131094774778,1.204740140605843,-1.4272631640682831,0.1885940281507234,-0.1011300539392282,1.2816112952321563
1.280545941099862,0.9280549935867242,-0.5444986011065476,0.9685314042042352,-0.7132923061592481,0.3370781406592413,1.5443204088779583,-1.391214198653625,0.3394671593655834
0.8481057680288593,0.2931218636474591,-0.2706118211679212,-0.1379956271111697,1.202784074247329,1.2165598559618824,-0.9113107191717976,-1.200230922056874,0.148269944630755
-0.1732208833311623,-0.1032825752579799,1.3012650824945753,-0.8886192003484469,1.705879754197256,-0.7125745620035634,-0.6351593412490879,0.9715391651446054,-0.221556752525857
-1.4208392915806984,1.5759559831092242,-1.533144165030674,1.3807047451727517,0.2362192355194131,-0.8145001809993477,-0.4916339397417801,1.192570754950197,0.981090420638946
-1.137974554023763,-0.6952712219616286,-0.4328142329570832,-0.200706768251641,1.456619578931243,-1.5128633929517468,1.4824491183020183,-0.9989955184640786,1.377571067225999
-0.4733059808824955,0.2905775838787947,0.7517273711694339,-0.0350655872748894,0.6596259762316806,-0.6630967205861348,-1.0079566994479348,-0.7978708822160003,0.6716825820504825
1.0565657455495951,1.057915276145377,-0.6477600201244178,-1.0390449364988965,1.0463037500176835,-1.1155294284029251,1.536624203575374,0.8898429837660835,1.2816716157947634
-1.328021405324345,-0.3264813239598607,-0.4949936019983705,-1.5541146626151914,-0.3663214884759477,-0.1574732337326445,-0.4891407363902293,0.0402691147919814,-0.0109831314580485
0.2417215574154685,-0.0606925042747322,1.3476495678225824,1.2297084141317165,-1.651742556138899,-1.4881205135838254,1.2914663711167933,0.1012896850078406,-0.6805704744317146
0.3527073036551035,0.0590844944462746,-0.5996856358289243,-0.7726919444738252,1.182458650249731,-1.5810260291714278,-0.847995430961625,0.5934194373357569,-0.9293721572082608
-0.4009664107475315,0.1027458881223226,1.6238256067996475,-0.2426169318240031,1.6702510718407684,-1.4775842382240587,-0.8027338068302404,-0.4277634544400422,0.1878464933821831
-1.356316654377086,-1.3703118243058294,-1.652791800837662,-0.4281933885699125,-0.6530157541043291,-1.25504396752951,1.1355950734564182,-0.193710531946474,-0.0093033365705469
0.079125739540831,1.2144530895317476,0.7512991870468734,-0.5461726128430637,-1.1087162593698223,-0.0424170159136155,-0.8422633355079301,-0.1171776142787453,-0.3070976458589848
0.2444799405233946,-0.5669558090568877,-0.6252162654060349,-0.7200330784219979,-0.2810965991384817,-0.1255576252531161,-0.8326248744575018,0.0226955135389598,0.3918921017647527
-1.4097039480200255,-1.4785336814633432,-0.4728554159266839,-0.2131422090186904,-0.7123965936213619,0.3551048453267754,-1.3901087781529091,0.9380373632022704,0.7955974066289682
0.7395718221010599,-0.163442602424649,0.4359026837169534,-1.5838997292499697,-1.2538017085914883,-0.532552744136744,0.2422490561744656,-1.04021013140992,-0.6130696024388591
-1.6826685148097664,-1.1017913117435054,1.0002540979527357,-0.7847134525916111,-0.8667946522400033,-0.4783419998556366,-0.1006993969822042,0.4214578033138768,0.3157600401370832
-1.295179911384371,-0.5399163469107926,1.358419286137425,1.0889612814822396,0.118176409217969,-1.3698307391822415,-1.708410242109188,-1.5748397687256392,-0.1477529887399084
-1.2786971626304593,0.8314976061886823,1.68932244521356,1.3674399487805862,1.6398975270604363,-1.3200607016275543,0.1685123188851803,-1.7223416751303031,-1.2742092592754042
-1.1300284893912749,1.0036901749089624,-0.8256085331074409,-1.016905656775418,-0.2456813770170923,-1.5073595973295857,-0.1396745548333176,1.2390639020480658,0.0470649013748677
